molecule_id,spectrum_id,training_sources,matching_structure_count,top_prediction_matches,training_keys
m_ecbfb5,s_9676a879,enveda-180,1,True,AAUMFHIRKKPVJQ
m_ecbfb5,s_da0c2355,enveda-180,1,True,AAUMFHIRKKPVJQ
m_acfc1e,s_b110c9ae,enveda-180,1,True,AVKBFLHXXVJAOO
m_acfc1e,s_4cc5a289,enveda-180,1,True,AVKBFLHXXVJAOO
m_2f1128,s_6e858bd9,enveda-180,1,True,AAFJCAYWCZPGGU
m_2f1128,s_301dbf50,enveda-180,1,True,AAFJCAYWCZPGGU
m_2f1128,s_4ba965b4,enveda-180,1,True,AAFJCAYWCZPGGU
m_ecbfb5,s_bd87a82f,enveda-180,1,True,AAUMFHIRKKPVJQ
m_ecbfb5,s_6c7b1ece,enveda-180,1,True,AAUMFHIRKKPVJQ
m_ecbfb5,s_3f361f21,enveda-180,1,True,AAUMFHIRKKPVJQ
m_997dbc,s_387abe40,enveda-180,1,True,AAWPYOUKYVYTOC
m_997dbc,s_70d30b39,enveda-180,1,True,AAWPYOUKYVYTOC
m_b9f2b4,s_95d86d30,enveda-180,1,True,ACQGJBNBPHDYNA
m_b9f2b4,s_c9038187,enveda-180,1,True,ACQGJBNBPHDYNA
m_a3c949,s_6f8c8fe3,enveda-180,1,True,AEABCFLHUDIMJZ
m_a3c949,s_fad0b7ba,enveda-180,1,True,AEABCFLHUDIMJZ
m_8bb047,s_f81cb3bd,enveda-180,1,True,AJUNJWYDJXCEDG
m_8bb047,s_e4493067,enveda-180,1,True,AJUNJWYDJXCEDG
m_8bb047,s_20596db5,enveda-180,1,True,AJUNJWYDJXCEDG
m_f866a0,s_d55efb57,enveda-180,1,True,ANYTWNPTVLBXEP
m_f866a0,s_f74da434,enveda-180,1,True,ANYTWNPTVLBXEP
m_f866a0,s_4a131e24,enveda-180,1,True,ANYTWNPTVLBXEP
m_aef2b4,s_23af7502,enveda-180,1,True,AOJSSFMSRHKALW
m_acfc1e,s_d7af1ac0,enveda-180,1,True,AVKBFLHXXVJAOO
m_acfc1e,s_58e9ad2b,enveda-180,1,True,AVKBFLHXXVJAOO
m_347e26,s_71f3552e,enveda-180,1,True,AVPWXVRXPXHKRI
m_347e26,s_f679ac60,enveda-180,1,True,AVPWXVRXPXHKRI
m_cfb3df,s_77228aff,enveda-180,1,True,AWBWJUXMOPNKAB
m_cfb3df,s_0c8e69d9,enveda-180,1,True,AWBWJUXMOPNKAB
m_cfb3df,s_f804d248,enveda-180,1,True,AWBWJUXMOPNKAB
m_5bfac3,s_66249268,enveda-180,1,True,BEINBJRRGSASLB
m_d258c4,s_a778b111,enveda-180,1,True,BEQGIEMUAXJBEJ
m_db2018,s_8f26757c,enveda-180,1,True,ACLBTYJVRAEIHE
m_cfb3df,s_b07d21bc,enveda-180,1,True,AWBWJUXMOPNKAB
m_daf5f1,s_84c0ec83,enveda-180,1,True,AEZVEHDWBLNQQX
m_88505f,s_54cb517c,enveda-180,1,True,AJFRPRVWOFVBAQ
m_88505f,s_e0ee31dc,enveda-180,1,True,AJFRPRVWOFVBAQ
m_88505f,s_e10f81ba,enveda-180,1,True,AJFRPRVWOFVBAQ
m_f866a0,s_2be90450,enveda-180,1,True,ANYTWNPTVLBXEP
m_f866a0,s_241b2fae,enveda-180,1,True,ANYTWNPTVLBXEP
m_f866a0,s_31669b8d,enveda-180,1,True,ANYTWNPTVLBXEP
m_5bfac3,s_6d7b0b1c,enveda-180,1,True,BEINBJRRGSASLB
m_5bfac3,s_5cc8bb1e,enveda-180,1,True,BEINBJRRGSASLB
m_935b22,s_cec3d35c,enveda-180,1,True,BIWDGVVCOGGTSW
m_935b22,s_66e861df,enveda-180,1,True,BIWDGVVCOGGTSW
m_935b22,s_c6824d7a,enveda-180,1,True,BIWDGVVCOGGTSW
m_935b22,s_5a9c22fd,enveda-180,1,True,BIWDGVVCOGGTSW
m_f0bee0,s_d3d0efbc,enveda-180,1,True,BJPMSZCQKMVUEJ
m_f0bee0,s_c879674a,enveda-180,1,True,BJPMSZCQKMVUEJ
m_1a0749,s_9769c402,enveda-180,1,True,BKBIJJIYNSICSX
m_1a0749,s_308ff21a,enveda-180,1,True,BKBIJJIYNSICSX
m_006153,s_cb15f0ac,enveda-180,1,True,BKIHGKNEJKYYAC
m_006153,s_7151fa86,enveda-180,1,True,BKIHGKNEJKYYAC
m_006153,s_3c74e9fe,enveda-180,1,True,BKIHGKNEJKYYAC
m_0ee46b,s_213e8d6c,enveda-180,1,True,BMRJIBQMZSUMKX
m_0ee46b,s_c0386051,enveda-180,1,True,BMRJIBQMZSUMKX
m_0ee46b,s_8408005c,enveda-180,1,True,BMRJIBQMZSUMKX
m_0ee46b,s_925b1a6f,enveda-180,1,True,BMRJIBQMZSUMKX
m_99e777,s_df65986c,enveda-180,1,True,BOQLDUACCFWEBR
m_99e777,s_8e79c8bc,enveda-180,1,True,BOQLDUACCFWEBR
m_99e777,s_c8126d5b,enveda-180,1,True,BOQLDUACCFWEBR
m_99e777,s_bbbd5e9c,enveda-180,1,True,BOQLDUACCFWEBR
m_80401f,s_cc108ad8,enveda-180,1,True,BQSZXPNNHPUMKN
m_80401f,s_27ff3e0c,enveda-180,1,True,BQSZXPNNHPUMKN
m_80401f,s_1b883821,enveda-180,1,True,BQSZXPNNHPUMKN
m_80401f,s_088bc37a,enveda-180,1,True,BQSZXPNNHPUMKN
m_4bb17c,s_b3da01a5,enveda-180,1,True,BSSOYEXZIZTTOL
m_4bb17c,s_2613a82a,enveda-180,1,True,BSSOYEXZIZTTOL
m_4bb17c,s_ee773728,enveda-180,1,True,BSSOYEXZIZTTOL
m_d74296,s_eaf07687,enveda-180,1,True,BUBWLZKVGONNCB
m_c1ec62,s_74cd6d21,enveda-180,1,True,BUHRMLBQBLGSBI
m_c1ec62,s_1ab7a2e0,enveda-180,1,True,BUHRMLBQBLGSBI
m_c1ec62,s_c1838652,enveda-180,1,True,BUHRMLBQBLGSBI
m_c1ec62,s_97391140,enveda-180,1,True,BUHRMLBQBLGSBI
m_64306c,s_4cbe34f7,enveda-180,1,True,BYIPBJHDWPXMMC
m_64306c,s_9c5f3a18,enveda-180,1,True,BYIPBJHDWPXMMC
m_bcdd81,s_5959b708,enveda-180,1,True,BZENAESQIDFGRR
m_bcdd81,s_4ed04f22,enveda-180,1,True,BZENAESQIDFGRR
m_bcdd81,s_1ddc78ea,enveda-180,1,True,BZENAESQIDFGRR
m_bcdd81,s_05a57460,enveda-180,1,True,BZENAESQIDFGRR
m_0fe9d9,s_6c7ba568,enveda-180,1,True,BZRPSDCHCYULTF
m_0fe9d9,s_732b0d1a,enveda-180,1,True,BZRPSDCHCYULTF
m_156305,s_196d36ee,enveda-180,1,True,CIBBOJIMBGXBCA
m_cad5a6,s_5da6ebf2,enveda-180,1,True,CKSKIGUPHAWUKG
m_cad5a6,s_1be7c418,enveda-180,1,True,CKSKIGUPHAWUKG
m_cad5a6,s_b9b373bc,enveda-180,1,True,CKSKIGUPHAWUKG
m_cad5a6,s_ac726249,enveda-180,1,True,CKSKIGUPHAWUKG
m_3f6bab,s_de91f50a,enveda-180,1,True,CPBRKLFURDMWSO
m_b7d932,s_251cda01,enveda-180,1,True,CPOXWCNXDHFHDA
m_ce56d4,s_ab99e31d,enveda-180,1,True,CRCNUBKPOWHRGZ
m_ce56d4,s_207b1c1c,enveda-180,1,True,CRCNUBKPOWHRGZ
m_ce56d4,s_ea9c655e,enveda-180,1,True,CRCNUBKPOWHRGZ
m_2ac2ed,s_56f77d57,enveda-180,1,True,CRHFPOACQIURIM
m_2ac2ed,s_ff35853f,enveda-180,1,True,CRHFPOACQIURIM
m_8e45f7,s_cd0c2ee6,enveda-180,1,True,CRGWXEZJRYKVMV
m_8e45f7,s_cc6f39af,enveda-180,1,True,CRGWXEZJRYKVMV
m_8d19fa,s_d5c95ea0,enveda-180,1,True,BRJPAXQZDQTQRY
m_006153,s_59a80abf,enveda-180,1,True,BKIHGKNEJKYYAC
m_006153,s_86472581,enveda-180,1,True,BKIHGKNEJKYYAC
m_006153,s_54245904,enveda-180,1,True,BKIHGKNEJKYYAC
m_e44302,s_7796a4ea,enveda-180,1,True,BPXFXKKOUKUYHJ
m_e44302,s_65c3e17d,enveda-180,1,True,BPXFXKKOUKUYHJ
m_bcdd81,s_d496ec44,enveda-180,1,True,BZENAESQIDFGRR
m_0fe9d9,s_8b5f59ce,enveda-180,1,True,BZRPSDCHCYULTF
m_0fe9d9,s_85553a19,enveda-180,1,True,BZRPSDCHCYULTF
m_156305,s_6bc22805,enveda-180,1,True,CIBBOJIMBGXBCA
m_156305,s_5670a053,enveda-180,1,True,CIBBOJIMBGXBCA
m_3f6bab,s_0ba582ba,enveda-180,1,True,CPBRKLFURDMWSO
m_3f6bab,s_3eee1f2e,enveda-180,1,True,CPBRKLFURDMWSO
m_3f6bab,s_16a00096,enveda-180,1,True,CPBRKLFURDMWSO
m_068354,s_534da9eb,enveda-180,1,True,DHWCXOPDOJDBNV
m_068354,s_764efff3,enveda-180,1,True,DHWCXOPDOJDBNV
m_6e1c94,s_c5f172f4,enveda-180,1,True,CUHHUBDAIYMTEO
m_6e1c94,s_70a0daa5,enveda-180,1,True,CUHHUBDAIYMTEO
m_70fe91,s_58651c0c,enveda-180,1,True,CVEHOKWRVDVIGR
m_70fe91,s_08bebf57,enveda-180,1,True,CVEHOKWRVDVIGR
m_70fe91,s_6a3d9168,enveda-180,1,True,CVEHOKWRVDVIGR
m_328338,s_14bb8f82,enveda-180,1,True,CZBQDUCJVZWDNB
m_328338,s_8b42f52b,enveda-180,1,True,CZBQDUCJVZWDNB
m_328338,s_36e9690c,enveda-180,1,True,CZBQDUCJVZWDNB
m_80b537,s_40bf548d,enveda-180,1,True,DFPCTLNLMZLUAM
m_80b537,s_a060476d,enveda-180,1,True,DFPCTLNLMZLUAM
m_068354,s_8801cdac,enveda-180,1,True,DHWCXOPDOJDBNV
m_068354,s_bf7ed9c8,enveda-180,1,True,DHWCXOPDOJDBNV
m_a94f72,s_0c3a2d9a,enveda-180,1,True,DIEBCVUBMQQHOU
m_a94f72,s_4e56bca9,enveda-180,1,True,DIEBCVUBMQQHOU
m_8db7e3,s_3142d817,enveda-180,1,True,DIROQCYJENWMMI
m_8db7e3,s_cc70b002,enveda-180,1,True,DIROQCYJENWMMI
m_8db7e3,s_831bc690,enveda-180,1,True,DIROQCYJENWMMI
m_8db7e3,s_83f93e34,enveda-180,1,True,DIROQCYJENWMMI
m_ec2936,s_bc3c1a8d,enveda-180,1,True,DJMOUMJSWDZXTM
m_ec2936,s_641c4918,enveda-180,1,True,DJMOUMJSWDZXTM
m_ec2936,s_82cf64a2,enveda-180,1,True,DJMOUMJSWDZXTM
m_ec2936,s_1ccb4398,enveda-180,1,True,DJMOUMJSWDZXTM
m_1f86e6,s_e2bcf354,enveda-180,1,True,DKOWSYCFCPIBMY
m_1f86e6,s_d71ceca7,enveda-180,1,True,DKOWSYCFCPIBMY
m_1f86e6,s_cdab6965,enveda-180,1,True,DKOWSYCFCPIBMY
m_1f86e6,s_c9426ab1,enveda-180,1,True,DKOWSYCFCPIBMY
m_62973b,s_12b970d4,enveda-180,1,True,DOUDQEKAZWTKJM
m_62973b,s_83cd9f0c,enveda-180,1,True,DOUDQEKAZWTKJM
m_62973b,s_d86f27b1,enveda-180,1,True,DOUDQEKAZWTKJM
m_b8f328,s_065bc0da,enveda-180,1,True,DPWOAOHDOUERJI
m_76ffc5,s_806843e8,enveda-180,1,True,DQBKGIKCXWEPJU
m_76ffc5,s_637d1f6b,enveda-180,1,True,DQBKGIKCXWEPJU
m_e1d7ad,s_14e52521,enveda-180,1,True,DRODYACLPOTBOW
m_e1d7ad,s_6549e002,enveda-180,1,True,DRODYACLPOTBOW
m_bb75e4,s_1c927d87,enveda-180,1,True,FAWMTNVPTJLMJD
m_bb75e4,s_dca61f70,enveda-180,1,True,FAWMTNVPTJLMJD
m_6e1c94,s_168716ba,enveda-180,1,True,CUHHUBDAIYMTEO
m_6e1c94,s_9e8486af,enveda-180,1,True,CUHHUBDAIYMTEO
m_2363c0,s_62669d4a,enveda-180,1,True,CVZIRAZSTKYLJV
m_2363c0,s_b7936e63,enveda-180,1,True,CVZIRAZSTKYLJV
m_43683b,s_b55ad56a,enveda-180,1,True,DBIQVJHQODZHIW
m_5c8d41,s_09c1126e,enveda-180,1,True,DBRNPKJGVBMZMR
m_5c8d41,s_e8e36b1a,enveda-180,1,True,DBRNPKJGVBMZMR
m_068354,s_8e33bc2b,enveda-180,1,True,DHWCXOPDOJDBNV
m_068354,s_07d3ca77,enveda-180,1,True,DHWCXOPDOJDBNV
m_a94f72,s_fd2eac9b,enveda-180,1,True,DIEBCVUBMQQHOU
m_b8f328,s_900c1667,enveda-180,1,True,DPWOAOHDOUERJI
m_e1bfd4,s_7b8aab5c,enveda-180,1,True,FADNYNMDTALVPK
m_e1bfd4,s_0c041705,enveda-180,1,True,FADNYNMDTALVPK
m_e1f9f4,s_08fbb00b,enveda-180,1,True,FCASSOAFAVZQDU
m_e1f9f4,s_78720422,enveda-180,1,True,FCASSOAFAVZQDU
m_d7ecc5,s_3b44a085,enveda-180,1,True,FCAVESNKNGJFHF
m_2c1f87,s_6d56c7a6,enveda-180,1,True,FJJAUVFKTCIOTL
m_2c1f87,s_78d74af3,enveda-180,1,True,FJJAUVFKTCIOTL
m_1777b7,s_ceb8fa51,enveda-180,1,True,FJSUFLVMJNFERJ
m_1777b7,s_c44b62bc,enveda-180,1,True,FJSUFLVMJNFERJ
m_1777b7,s_1d7cd1ca,enveda-180,1,True,FJSUFLVMJNFERJ
m_34c315,s_5d21e5b8,enveda-180,1,True,FKQMBNXRLRDHNG
m_34c315,s_1467abec,enveda-180,1,True,FKQMBNXRLRDHNG
m_34c315,s_5667e60d,enveda-180,1,True,FKQMBNXRLRDHNG
m_b4039c,s_0cd25053,enveda-180,1,True,FLKCEVOQCCVJQG
m_b4039c,s_2c70bedc,enveda-180,1,True,FLKCEVOQCCVJQG
m_3ce578,s_fcbdca70,enveda-180,1,True,FMMWOVBMZWZIJU
m_3ce578,s_e8d91a2f,enveda-180,1,True,FMMWOVBMZWZIJU
m_3ce578,s_aa4ddebd,enveda-180,1,True,FMMWOVBMZWZIJU
m_3ce578,s_633b7b06,enveda-180,1,True,FMMWOVBMZWZIJU
m_12945e,s_d62073ca,enveda-180,1,True,FOLOTNXCHRAROS
m_12945e,s_e9222d35,enveda-180,1,True,FOLOTNXCHRAROS
m_12945e,s_cf6dfa75,enveda-180,1,True,FOLOTNXCHRAROS
m_12945e,s_616fdb91,enveda-180,1,True,FOLOTNXCHRAROS
m_3aecdc,s_73a2e107,enveda-180,1,True,FYIJYXGYWPNNDQ
m_3aecdc,s_e10531ac,enveda-180,1,True,FYIJYXGYWPNNDQ
m_d07b86,s_d1427269,enveda-180,1,True,FZTLKIRJANNHPV
m_d07b86,s_0e143bce,enveda-180,1,True,FZTLKIRJANNHPV
m_163da0,s_83a5798a,enveda-180,1,True,GDLYHCGHMMYDPX
m_163da0,s_37bd16b1,enveda-180,1,True,GDLYHCGHMMYDPX
m_163da0,s_4cb2d778,enveda-180,1,True,GDLYHCGHMMYDPX
m_163da0,s_f328ada3,enveda-180,1,True,GDLYHCGHMMYDPX
m_93b6a1,s_b0767a22,enveda-180,1,True,GFJUVKDXUQFWGA
m_93b6a1,s_a4c508ff,enveda-180,1,True,GFJUVKDXUQFWGA
m_93b6a1,s_02f12d3b,enveda-180,1,True,GFJUVKDXUQFWGA
m_153108,s_fbaf1024,enveda-180,1,True,GGCHMVOOKDYXSS
m_9f1fb6,s_c18f7d4d,enveda-180,1,True,GHLPPAOPXNVWIG
m_9f1fb6,s_81761320,enveda-180,1,True,GHLPPAOPXNVWIG
m_c1b10a,s_b4966e3e,enveda-180,1,True,GKICJZBBRZVJIU
m_c1b10a,s_1771fdf5,enveda-180,1,True,GKICJZBBRZVJIU
m_c1b10a,s_06629525,enveda-180,1,True,GKICJZBBRZVJIU
m_e1f9f4,s_efa683dc,enveda-180,1,True,FCASSOAFAVZQDU
m_3ce578,s_115ae5b9,enveda-180,1,True,FMMWOVBMZWZIJU
m_3ce578,s_5ec2e28d,enveda-180,1,True,FMMWOVBMZWZIJU
m_d07b86,s_4b548feb,enveda-180,1,True,FZTLKIRJANNHPV
m_b53b6e,s_4b553b55,enveda-180,1,True,GGZKKKSVYMJEJU
m_b53b6e,s_8e25d8e3,enveda-180,1,True,GGZKKKSVYMJEJU
m_e8d835,s_7e92a341,enveda-180,1,True,GHTKRMKMDZJTKV
m_568a04,s_1f55d13a,enveda-180,1,True,GSLXORCTXQWWBG
m_568a04,s_178998b3,enveda-180,1,True,GSLXORCTXQWWBG
m_de93b1,s_f6f29695,enveda-180,1,True,GTYBHLUGAHROQW
m_4b55af,s_56c9eeb5,enveda-180,1,True,GVEQHENDNGYWEZ
m_4b55af,s_4ac24984,enveda-180,1,True,GVEQHENDNGYWEZ
m_4b55af,s_ce56e5ef,enveda-180,1,True,GVEQHENDNGYWEZ
m_4b55af,s_f6066a9f,enveda-180,1,True,GVEQHENDNGYWEZ
m_fea652,s_33688567,enveda-180,1,True,GVGOYEZNOGXAMI
m_fea652,s_c4f766e9,enveda-180,1,True,GVGOYEZNOGXAMI
m_fea652,s_38b07bff,enveda-180,1,True,GVGOYEZNOGXAMI
m_fea652,s_e513e64e,enveda-180,1,True,GVGOYEZNOGXAMI
m_2e265c,s_e562cf3e,enveda-180,1,True,HDOGNYUMIUVMDB
m_2e265c,s_f364a024,enveda-180,1,True,HDOGNYUMIUVMDB
m_2e265c,s_af9135c9,enveda-180,1,True,HDOGNYUMIUVMDB
m_2e265c,s_aa66261e,enveda-180,1,True,HDOGNYUMIUVMDB
m_8eaf01,s_ee0e0c5c,enveda-180,1,True,HEUSXCAKPLBHCB
m_8eaf01,s_d783f158,enveda-180,1,True,HEUSXCAKPLBHCB
m_847112,s_ee52ca85,enveda-180,1,True,HGNRXIGVRNKREU
m_847112,s_b22417c0,enveda-180,1,True,HGNRXIGVRNKREU
m_847112,s_49872274,enveda-180,1,True,HGNRXIGVRNKREU
m_847112,s_96310283,enveda-180,1,True,HGNRXIGVRNKREU
m_aa5754,s_600d25bc,enveda-180,1,True,HHWGCTUDMGUWSE
m_aa5754,s_41871807,enveda-180,1,True,HHWGCTUDMGUWSE
m_aa5754,s_b10301ab,enveda-180,1,True,HHWGCTUDMGUWSE
m_aa5754,s_96f83fc8,enveda-180,1,True,HHWGCTUDMGUWSE
m_163bfd,s_0846dbf4,enveda-180,1,True,HJYHATVJDPOXJL
m_163bfd,s_39ecc817,enveda-180,1,True,HJYHATVJDPOXJL
m_163bfd,s_6c6b3102,enveda-180,1,True,HJYHATVJDPOXJL
m_163bfd,s_fb570657,enveda-180,1,True,HJYHATVJDPOXJL
m_7108be,s_65aabcb0,enveda-180,1,True,HMBVMJFEDBMGPC
m_7108be,s_83774602,enveda-180,1,True,HMBVMJFEDBMGPC
m_7108be,s_ec2ee535,enveda-180,1,True,HMBVMJFEDBMGPC
m_7108be,s_db58e980,enveda-180,1,True,HMBVMJFEDBMGPC
m_b047da,s_4fd85cd2,enveda-180,1,True,HNKCVRWXJHQJHP
m_b047da,s_396f2f73,enveda-180,1,True,HNKCVRWXJHQJHP
m_fe6eaa,s_ca6aa83f,enveda-180,1,True,HNWMMHAYBHVTJA
m_fe6eaa,s_e2ca8707,enveda-180,1,True,HNWMMHAYBHVTJA
m_7e912f,s_e340ff37,enveda-180,1,True,HQLQXCITFQCBSC
m_7e912f,s_4263bb04,enveda-180,1,True,HQLQXCITFQCBSC
m_7e912f,s_fc49f16f,enveda-180,1,True,HQLQXCITFQCBSC
m_7e912f,s_8cba30c2,enveda-180,1,True,HQLQXCITFQCBSC
m_c50497,s_e37ba559,enveda-180,1,True,GPRUVNBBDBNFJU
m_c50497,s_b21c7466,enveda-180,1,True,GPRUVNBBDBNFJU
m_c50497,s_7a72737a,enveda-180,1,True,GPRUVNBBDBNFJU
m_c50497,s_99588d49,enveda-180,1,True,GPRUVNBBDBNFJU
m_2e265c,s_4a3dbbfe,enveda-180,1,True,HDOGNYUMIUVMDB
m_fe6eaa,s_ce40aed6,enveda-180,1,True,HNWMMHAYBHVTJA
m_fe6eaa,s_1a95ca20,enveda-180,1,True,HNWMMHAYBHVTJA
m_1beae5,s_03bc9d46,enveda-180,1,True,HVFDNHNAHASRNP
m_1beae5,s_830ffa78,enveda-180,1,True,HVFDNHNAHASRNP
m_db2c0e,s_d80ee2a0,enveda-180,1,True,HVWILWWKSIFNPA
m_21cd44,s_d2150700,enveda-180,1,True,IBKWTCBEFLAHNY
m_21cd44,s_44e175ef,enveda-180,1,True,IBKWTCBEFLAHNY
m_21cd44,s_9d2913c4,enveda-180,1,True,IBKWTCBEFLAHNY
m_451ad6,s_e1c1cabf,enveda-180,1,True,IBORVGHHYJGFAP
m_451ad6,s_44ab4397,enveda-180,1,True,IBORVGHHYJGFAP
m_ff926d,s_53c662f2,enveda-180,1,True,ICZSPSYZAIIGPR
m_ff926d,s_272e5f30,enveda-180,1,True,ICZSPSYZAIIGPR
m_ff926d,s_5863e2fe,enveda-180,1,True,ICZSPSYZAIIGPR
m_ff926d,s_370ccb09,enveda-180,1,True,ICZSPSYZAIIGPR
m_6f45e5,s_9e2d42cc,enveda-180,1,True,IEGXJTQGHCGPSF
m_6f45e5,s_b78a99eb,enveda-180,1,True,IEGXJTQGHCGPSF
m_e8359d,s_9391385c,enveda-180,1,True,IFIFZCQRWIESID
m_e8359d,s_a74f69f3,enveda-180,1,True,IFIFZCQRWIESID
m_e8359d,s_7f36169e,enveda-180,1,True,IFIFZCQRWIESID
m_e8359d,s_c82d61bb,enveda-180,1,True,IFIFZCQRWIESID
m_1de28b,s_dbf430ce,enveda-180,1,True,IFVLVEPBWXRHDO
m_2f9ab1,s_8eb60ddc,enveda-180,1,True,IHTAAUYDDMWMNZ
m_2f9ab1,s_cc4f958c,enveda-180,1,True,IHTAAUYDDMWMNZ
m_2f9ab1,s_7abd8794,enveda-180,1,True,IHTAAUYDDMWMNZ
m_78cd05,s_d8e7789d,enveda-180,1,True,IIBPIELSCZOCFD
m_78cd05,s_d6cb3bbe,enveda-180,1,True,IIBPIELSCZOCFD
m_78cd05,s_c5eadd95,enveda-180,1,True,IIBPIELSCZOCFD
m_0d2197,s_d35f2dc0,enveda-180,1,True,IJZXFCJIVSCQJZ
m_cd6458,s_86ac31c8,enveda-180,1,True,IKLJTZGXPRDQIW
m_cd6458,s_18c2bc80,enveda-180,1,True,IKLJTZGXPRDQIW
m_7125ae,s_adfdc84b,enveda-180,1,True,ILZJXQVXKTVFBL
m_7125ae,s_61483aa9,enveda-180,1,True,ILZJXQVXKTVFBL
m_7125ae,s_f7e169d6,enveda-180,1,True,ILZJXQVXKTVFBL
m_a06450,s_2cfe6fef,enveda-180,1,True,IOAROHGXJSVPCV
m_e6bed4,s_45ee21d7,enveda-180,1,True,IOPMMYQYCZTONE
m_e6bed4,s_c492f9bc,enveda-180,1,True,IOPMMYQYCZTONE
m_e6bed4,s_a798e637,enveda-180,1,True,IOPMMYQYCZTONE
m_e6bed4,s_3893b67c,enveda-180,1,True,IOPMMYQYCZTONE
m_47617a,s_072458d7,enveda-180,1,True,IQDBBRDUPYUIDJ
m_c2176f,s_733a5d8d,enveda-180,1,True,ISBKZTZZPMFIFS
m_134d4a,s_d83cde04,enveda-180,1,True,ISRQWOBVDNBKPQ
m_134d4a,s_f099e04a,enveda-180,1,True,ISRQWOBVDNBKPQ
m_134d4a,s_bb59f713,enveda-180,1,True,ISRQWOBVDNBKPQ
m_134d4a,s_638b54bd,enveda-180,1,True,ISRQWOBVDNBKPQ
m_27df2d,s_07e0bd6b,enveda-180,1,True,IYAQVXJBEFFWLE
m_27df2d,s_e9e42d67,enveda-180,1,True,IYAQVXJBEFFWLE
m_c63e89,s_9f0fdf12,enveda-180,1,True,IYSGNYXQUJQSMM
m_c63e89,s_c9a80dad,enveda-180,1,True,IYSGNYXQUJQSMM
m_c63e89,s_f8f0b330,enveda-180,1,True,IYSGNYXQUJQSMM
m_c63e89,s_15baaa67,enveda-180,1,True,IYSGNYXQUJQSMM
m_59b1bd,s_cd5a5eb7,enveda-180,1,True,IYTRFLRAVRZEQE
m_76b47b,s_3471d32f,enveda-180,1,True,IYUCXFRZGVXFEJ
m_76b47b,s_7e13afc5,enveda-180,1,True,IYUCXFRZGVXFEJ
m_76b47b,s_a9875197,enveda-180,1,True,IYUCXFRZGVXFEJ
m_e5b5fa,s_01862e5a,enveda-180,1,True,IZPXTLUIVYPVEZ
m_1beae5,s_8f7e15f2,enveda-180,1,True,HVFDNHNAHASRNP
m_e8359d,s_b6512565,enveda-180,1,True,IFIFZCQRWIESID
m_e8359d,s_3b5f4756,enveda-180,1,True,IFIFZCQRWIESID
m_e8359d,s_3316b7f6,enveda-180,1,True,IFIFZCQRWIESID
m_db2c0e,s_4a499ea2,enveda-180,1,True,HVWILWWKSIFNPA
m_e8359d,s_bbf0eaa6,enveda-180,1,True,IFIFZCQRWIESID
m_e8359d,s_24a837e2,enveda-180,1,True,IFIFZCQRWIESID
m_417c79,s_b42641a0,enveda-180,1,True,IHCCTNMUQJUVIW
m_417c79,s_3d1b457e,enveda-180,1,True,IHCCTNMUQJUVIW
m_2f9ab1,s_761a8f2b,enveda-180,1,True,IHTAAUYDDMWMNZ
m_78cd05,s_e7b035c6,enveda-180,1,True,IIBPIELSCZOCFD
m_cd6458,s_6afa8315,enveda-180,1,True,IKLJTZGXPRDQIW
m_cd6458,s_a4d3d471,enveda-180,1,True,IKLJTZGXPRDQIW
m_a06450,s_1a57634d,enveda-180,1,True,IOAROHGXJSVPCV
m_c89ffd,s_b9efc889,enveda-180,1,True,IOIGMLWJCNCLJN
m_c63e89,s_d2d42d44,enveda-180,1,True,IYSGNYXQUJQSMM
m_c63e89,s_e57d6752,enveda-180,1,True,IYSGNYXQUJQSMM
m_c63e89,s_dd02df5d,enveda-180,1,True,IYSGNYXQUJQSMM
m_c63e89,s_ed8a26b7,enveda-180,1,True,IYSGNYXQUJQSMM
m_59b1bd,s_a4d626f8,enveda-180,1,True,IYTRFLRAVRZEQE
m_76b47b,s_02254dc9,enveda-180,1,True,IYUCXFRZGVXFEJ
m_6b66aa,s_68c0382e,enveda-180,1,True,IZUZDVOOIARAKZ
m_6b66aa,s_0a8922e3,enveda-180,1,True,IZUZDVOOIARAKZ
m_6b66aa,s_c08f810e,enveda-180,1,True,IZUZDVOOIARAKZ
m_6b66aa,s_b713b427,enveda-180,1,True,IZUZDVOOIARAKZ
m_9b95d4,s_5a21ed55,enveda-180,1,True,JEPMLAUKFBYKIY
m_9b95d4,s_9169708a,enveda-180,1,True,JEPMLAUKFBYKIY
m_75100f,s_5edd279d,enveda-180,1,True,KGYPTQRPQQRAIM
m_75100f,s_83d0de65,enveda-180,1,True,KGYPTQRPQQRAIM
m_75100f,s_5eca4612,enveda-180,1,True,KGYPTQRPQQRAIM
m_916daf,s_7f141a04,enveda-180,1,True,KIWAMTMRWXTTIM
m_9b95d4,s_437b3923,enveda-180,1,True,JEPMLAUKFBYKIY
m_9b95d4,s_8b9d3b82,enveda-180,1,True,JEPMLAUKFBYKIY
m_edaa12,s_21e7ac06,enveda-180,1,True,JFXQFUIKITUWIX
m_edaa12,s_81dcd816,enveda-180,1,True,JFXQFUIKITUWIX
m_c9a4bc,s_c7434373,enveda-180,1,True,JIGIERLOYHYCCC
m_987cff,s_9e5ad2c9,enveda-180,1,True,JIWJLVGABIMHQJ
m_987cff,s_70a10302,enveda-180,1,True,JIWJLVGABIMHQJ
m_987cff,s_a2d5e0f3,enveda-180,1,True,JIWJLVGABIMHQJ
m_6f414f,s_0ee83a49,enveda-180,1,True,JJNWMUDJEBPGGA
m_6f414f,s_93a6b439,enveda-180,1,True,JJNWMUDJEBPGGA
m_6f414f,s_a2999e64,enveda-180,1,True,JJNWMUDJEBPGGA
m_fbf20a,s_01376fe1,enveda-180,1,True,JJSGOGDOHOXCFR
m_fbf20a,s_2e760054,enveda-180,1,True,JJSGOGDOHOXCFR
m_fbf20a,s_b8954ec0,enveda-180,1,True,JJSGOGDOHOXCFR
m_fbf20a,s_8aee2730,enveda-180,1,True,JJSGOGDOHOXCFR
m_c3e52e,s_c9b5a33a,enveda-180,1,True,JTLRLHPRAXJQIZ
m_c3e52e,s_2d088fb5,enveda-180,1,True,JTLRLHPRAXJQIZ
m_c3e52e,s_831520c0,enveda-180,1,True,JTLRLHPRAXJQIZ
m_c3e52e,s_e3283d9b,enveda-180,1,True,JTLRLHPRAXJQIZ
m_089267,s_e5cf1fa3,enveda-180,1,True,JUEQNJVIMWRUNY
m_089267,s_6a4699f3,enveda-180,1,True,JUEQNJVIMWRUNY
m_070985,s_db80c41b,enveda-180,1,True,JWKJFKDNFFIERH
m_d86693,s_af577385,enveda-180,1,True,JXBPHQSETUEEOA
m_d86693,s_044b7d25,enveda-180,1,True,JXBPHQSETUEEOA
m_57f31b,s_74fc22aa,enveda-180,1,True,JXDHEDKTYLCQDD
m_57f31b,s_d42bc744,enveda-180,1,True,JXDHEDKTYLCQDD
m_57f31b,s_52e13866,enveda-180,1,True,JXDHEDKTYLCQDD
m_d7ad1b,s_5866c140,enveda-180,1,True,KETNDHNVFFHTKL
m_907412,s_02505d74,enveda-180,1,True,KFMVPEUHFOYUQW
m_75100f,s_31f04110,enveda-180,1,True,KGYPTQRPQQRAIM
m_75100f,s_628bc0e7,enveda-180,1,True,KGYPTQRPQQRAIM
m_75100f,s_9684303c,enveda-180,1,True,KGYPTQRPQQRAIM
m_916daf,s_38c213ad,enveda-180,1,True,KIWAMTMRWXTTIM
m_916daf,s_80808733,enveda-180,1,True,KIWAMTMRWXTTIM
m_a98076,s_e0d74353,enveda-180,1,True,KIWJOZRHGUQQBQ
m_26bf54,s_ece08250,enveda-180,1,True,KGZDKYTWEOKQGF
m_6f414f,s_5cae5345,enveda-180,1,True,JJNWMUDJEBPGGA
m_d86693,s_9d952b4b,enveda-180,1,True,JXBPHQSETUEEOA
m_d86693,s_2b01d94d,enveda-180,1,True,JXBPHQSETUEEOA
m_a98076,s_87cc434e,enveda-180,1,True,KIWJOZRHGUQQBQ
m_a98076,s_851e9ee5,enveda-180,1,True,KIWJOZRHGUQQBQ
m_5dda21,s_5039bd6e,enveda-180,1,True,KPXIFMWLCTWKJV
m_5dda21,s_74f0e6cb,enveda-180,1,True,KPXIFMWLCTWKJV
m_5dda21,s_bfd9dac5,enveda-180,1,True,KPXIFMWLCTWKJV
m_5dda21,s_acf5f604,enveda-180,1,True,KPXIFMWLCTWKJV
m_60e7b1,s_d7b69473,enveda-180,1,True,KPYFLRGDBWXAJB
m_60e7b1,s_943aa02b,enveda-180,1,True,KPYFLRGDBWXAJB
m_e3b936,s_02cdd93a,enveda-180,1,True,KQQJWHIQOAIQCE
m_e3b936,s_ef36aa23,enveda-180,1,True,KQQJWHIQOAIQCE
m_e3b936,s_db733c37,enveda-180,1,True,KQQJWHIQOAIQCE
m_e3b936,s_a08f1719,enveda-180,1,True,KQQJWHIQOAIQCE
m_c57b9d,s_b94a1539,enveda-180,1,True,KRDFZVROMABRJE
m_c57b9d,s_267ce3f7,enveda-180,1,True,KRDFZVROMABRJE
m_c57b9d,s_44d6b0e2,enveda-180,1,True,KRDFZVROMABRJE
m_30024e,s_7253f972,enveda-180,1,True,KROVPTIGUMLYGW
m_30024e,s_d620a580,enveda-180,1,True,KROVPTIGUMLYGW
m_30024e,s_a093554d,enveda-180,1,True,KROVPTIGUMLYGW
m_47e099,s_4b874915,enveda-180,1,True,KRQZYHVVDHRBNO
m_47e099,s_8d9066a9,enveda-180,1,True,KRQZYHVVDHRBNO
m_47e099,s_6f3381d0,enveda-180,1,True,KRQZYHVVDHRBNO
m_47e099,s_2144b193,enveda-180,1,True,KRQZYHVVDHRBNO
m_38941f,s_a4129ec0,enveda-180,1,True,KSIWSCRCJNBCRK
m_38941f,s_d5b3110f,enveda-180,1,True,KSIWSCRCJNBCRK
m_43e809,s_71ab4b10,enveda-180,1,True,KTMSPKQYYKAALP
m_43e809,s_412cb5fd,enveda-180,1,True,KTMSPKQYYKAALP
m_43e809,s_49b36dc6,enveda-180,1,True,KTMSPKQYYKAALP
m_43e809,s_6b2fc2a0,enveda-180,1,True,KTMSPKQYYKAALP
m_762dcf,s_36318565,enveda-180,1,True,KXJDRUDZPKMGBN
m_762dcf,s_31894e89,enveda-180,1,True,KXJDRUDZPKMGBN
m_762dcf,s_a0a1ce41,enveda-180,1,True,KXJDRUDZPKMGBN
m_62dd85,s_3178ff40,enveda-180,1,True,KXPCCKOZMRYDMP
m_01e922,s_cedea619,enveda-180,1,True,KYMDZNBJUGJEMP
m_01e922,s_4f6a16e5,enveda-180,1,True,KYMDZNBJUGJEMP
m_01e922,s_edf03be9,enveda-180,1,True,KYMDZNBJUGJEMP
m_31ebaa,s_9ee08026,enveda-180,1,True,LAQVBJKSAWSFCT
m_31ebaa,s_552ec545,enveda-180,1,True,LAQVBJKSAWSFCT
m_31ebaa,s_f72a72d1,enveda-180,1,True,LAQVBJKSAWSFCT
m_31ebaa,s_d2e68c91,enveda-180,1,True,LAQVBJKSAWSFCT
m_6f3a5c,s_59e49c50,enveda-180,1,True,LAUAINWVPQBIGH
m_6f3a5c,s_b6c78a74,enveda-180,1,True,LAUAINWVPQBIGH
m_6f3a5c,s_36823873,enveda-180,1,True,LAUAINWVPQBIGH
m_7874d0,s_97f0d0bd,enveda-180,1,True,LCFVIQMJJOPOIQ
m_7874d0,s_74a9317f,enveda-180,1,True,LCFVIQMJJOPOIQ
m_e7af25,s_50ada9f5,enveda-180,1,True,LDMKWAGVEPMQMX
m_e7af25,s_be2b4b37,enveda-180,1,True,LDMKWAGVEPMQMX
m_e7af25,s_1e5042f8,enveda-180,1,True,LDMKWAGVEPMQMX
m_d274b6,s_5a72d1c3,enveda-180,1,True,LEXTUIQVTMHKDG
m_20b8f2,s_db39a5e1,enveda-180,1,True,LGMRAKXXMJMGQA
m_20b8f2,s_9d60a081,enveda-180,1,True,LGMRAKXXMJMGQA
m_20b8f2,s_3c529c40,enveda-180,1,True,LGMRAKXXMJMGQA
m_20b8f2,s_2c16428a,enveda-180,1,True,LGMRAKXXMJMGQA
m_ed201b,s_272216a9,enveda-180,1,True,LGQDRCKFWHNAGE
m_ed201b,s_15b5967c,enveda-180,1,True,LGQDRCKFWHNAGE
m_ed201b,s_da7c15af,enveda-180,1,True,LGQDRCKFWHNAGE
m_e77f56,s_86b0827b,enveda-180,1,True,LJIIODAPSQXPHC
m_e77f56,s_e6a26440,enveda-180,1,True,LJIIODAPSQXPHC
m_59bced,s_73d0454e,enveda-180,1,True,LJNBPMUJRFADLQ
m_59bced,s_694c3970,enveda-180,1,True,LJNBPMUJRFADLQ
m_59bced,s_3f34193f,enveda-180,1,True,LJNBPMUJRFADLQ
m_517c87,s_8b3d1ad6,enveda-180,1,True,LJTUKHQWSWGXAK
m_6d224e,s_6b488b30,enveda-180,1,True,LJWXVZGKCVQZCC
m_2c2340,s_a300a4c4,enveda-180,1,True,LKQZBPYMPLHBDR
m_2c2340,s_e1191c1d,enveda-180,1,True,LKQZBPYMPLHBDR
m_2c2340,s_835a92cb,enveda-180,1,True,LKQZBPYMPLHBDR
m_2c2340,s_a68ee370,enveda-180,1,True,LKQZBPYMPLHBDR
m_baccbd,s_e6b470f9,enveda-180,1,True,LLYJKSUPYQOJJS
m_baccbd,s_65b88ec4,enveda-180,1,True,LLYJKSUPYQOJJS
m_9b8030,s_6fa5af1c,enveda-180,1,True,LMXRVEXGHXASKZ
m_9b8030,s_51b73ba2,enveda-180,1,True,LMXRVEXGHXASKZ
m_83e861,s_a7aab59d,enveda-180,1,True,LNOXTJDFFIAEKR
m_83e861,s_6a0dd256,enveda-180,1,True,LNOXTJDFFIAEKR
m_83e861,s_b08c75f1,enveda-180,1,True,LNOXTJDFFIAEKR
m_d1e5ef,s_fde9452a,enveda-180,1,True,LNUYGTGWWKRGJK
m_d1e5ef,s_01d21e39,enveda-180,1,True,LNUYGTGWWKRGJK
m_d1e5ef,s_da0ec19e,enveda-180,1,True,LNUYGTGWWKRGJK
m_d1e5ef,s_06ec989b,enveda-180,1,True,LNUYGTGWWKRGJK
m_ea7270,s_7a598b3e,enveda-180,1,True,LSPAZFZNDAPVSI
m_dc7be7,s_71f59b95,enveda-180,1,True,LTWRBVRYSAKLRQ
m_dc7be7,s_b3d21167,enveda-180,1,True,LTWRBVRYSAKLRQ
m_dc7be7,s_63721e4e,enveda-180,1,True,LTWRBVRYSAKLRQ
m_c30e40,s_b6134b96,enveda-180,1,True,LUHWGWKQUPBUQK
m_c30e40,s_23a31e98,enveda-180,1,True,LUHWGWKQUPBUQK
m_c30e40,s_6cd78709,enveda-180,1,True,LUHWGWKQUPBUQK
m_0d08be,s_2b0ef874,enveda-180,1,True,LVRLUJVTGDGUHU
m_0d08be,s_786e88f4,enveda-180,1,True,LVRLUJVTGDGUHU
m_517c87,s_70a36bb6,enveda-180,1,True,LJTUKHQWSWGXAK
m_62dd85,s_e18c73fb,enveda-180,1,True,KXPCCKOZMRYDMP
m_e3b936,s_d25a7619,enveda-180,1,True,KQQJWHIQOAIQCE
m_38941f,s_5d626adb,enveda-180,1,True,KSIWSCRCJNBCRK
m_762dcf,s_c3740fae,enveda-180,1,True,KXJDRUDZPKMGBN
m_762dcf,s_cdaf8c79,enveda-180,1,True,KXJDRUDZPKMGBN
m_20b8f2,s_abd9ebf6,enveda-180,1,True,LGMRAKXXMJMGQA
m_20b8f2,s_79404c36,enveda-180,1,True,LGMRAKXXMJMGQA
m_6d224e,s_a59e41d3,enveda-180,1,True,LJWXVZGKCVQZCC
m_baccbd,s_e24ed5e5,enveda-180,1,True,LLYJKSUPYQOJJS
m_baccbd,s_ce4a940d,enveda-180,1,True,LLYJKSUPYQOJJS
m_ea7270,s_f10136d0,enveda-180,1,True,LSPAZFZNDAPVSI
m_0259d4,s_486ffe56,enveda-180,1,True,MQCUYCZPGUNNLD
m_0259d4,s_ac38c90a,enveda-180,1,True,MQCUYCZPGUNNLD
m_0259d4,s_edb6cc7f,enveda-180,1,True,MQCUYCZPGUNNLD
m_55fde0,s_d2fc8c09,enveda-180,1,True,MAKGELQILXZGKI
m_55fde0,s_9cbeac90,enveda-180,1,True,MAKGELQILXZGKI
m_55fde0,s_546947e9,enveda-180,1,True,MAKGELQILXZGKI
m_55fde0,s_28d3ebfd,enveda-180,1,True,MAKGELQILXZGKI
m_471696,s_547eec06,enveda-180,1,True,MCBBXOXOEOXOAG
m_471696,s_5f9308f2,enveda-180,1,True,MCBBXOXOEOXOAG
m_9dc5c4,s_4b5e2555,enveda-180,1,True,MEIBYSJFQABPQZ
m_9dc5c4,s_d540d355,enveda-180,1,True,MEIBYSJFQABPQZ
m_9dc5c4,s_77390b26,enveda-180,1,True,MEIBYSJFQABPQZ
m_fe9649,s_7491fbb1,enveda-180,1,True,MEJOXDZSRSLJST
m_fe9649,s_61cfbab0,enveda-180,1,True,MEJOXDZSRSLJST
m_fe9649,s_881af77e,enveda-180,1,True,MEJOXDZSRSLJST
m_fe9649,s_d5ea0bd6,enveda-180,1,True,MEJOXDZSRSLJST
m_930a3b,s_708b7297,enveda-180,1,True,MFVFCUQOBZGXRU
m_930a3b,s_bd0ec917,enveda-180,1,True,MFVFCUQOBZGXRU
m_e4865d,s_26d0000e,enveda-180,1,True,MKYNKJAPSXBDEA
m_ff5db9,s_5b46eed2,enveda-180,1,True,MMVHDWDLDOZYPW
m_b6b7fe,s_a8c20294,enveda-180,1,True,MNEQNAXIKCXKEL
m_b6b7fe,s_fa6b6fe7,enveda-180,1,True,MNEQNAXIKCXKEL
m_b6b7fe,s_3ec8becb,enveda-180,1,True,MNEQNAXIKCXKEL
m_b6b7fe,s_db6e7f6e,enveda-180,1,True,MNEQNAXIKCXKEL
m_4fb975,s_80b7bb86,enveda-180,1,True,MOLJMMHGTUOQFP
m_4fb975,s_fdac5560,enveda-180,1,True,MOLJMMHGTUOQFP
m_f858ee,s_7cb72ca8,enveda-180,1,True,MOLMCCAGGJYXAK
m_f858ee,s_0b015b98,enveda-180,1,True,MOLMCCAGGJYXAK
m_f858ee,s_6797951e,enveda-180,1,True,MOLMCCAGGJYXAK
m_0259d4,s_a207c34d,enveda-180,1,True,MQCUYCZPGUNNLD
m_0259d4,s_ca0113ff,enveda-180,1,True,MQCUYCZPGUNNLD
m_0259d4,s_234f7054,enveda-180,1,True,MQCUYCZPGUNNLD
m_0259d4,s_c02637b3,enveda-180,1,True,MQCUYCZPGUNNLD
m_f2d901,s_555b2b23,enveda-180,1,True,MQDHZCMCLRKCPY
m_f2d901,s_06bd33b1,enveda-180,1,True,MQDHZCMCLRKCPY
m_808712,s_18b8aef9,enveda-180,1,True,MRLTZQSXLIQRLC
m_808712,s_5e2dfbd9,enveda-180,1,True,MRLTZQSXLIQRLC
m_808712,s_fdce7fd1,enveda-180,1,True,MRLTZQSXLIQRLC
m_808712,s_b8106e6a,enveda-180,1,True,MRLTZQSXLIQRLC
m_108fdb,s_15489e2d,enveda-180,1,True,MTNPZKNWJMQTEW
m_108fdb,s_f56f6393,enveda-180,1,True,MTNPZKNWJMQTEW
m_108fdb,s_eba9eeb2,enveda-180,1,True,MTNPZKNWJMQTEW
m_108fdb,s_fa887500,enveda-180,1,True,MTNPZKNWJMQTEW
m_b0ce2a,s_fce87d00,enveda-180,1,True,MTPPFKHFTQGYLZ
m_b0ce2a,s_fa38c6b6,enveda-180,1,True,MTPPFKHFTQGYLZ
m_2b7513,s_6250c139,enveda-180,1,True,MXWJALNDERSLNA
m_2b7513,s_ba6292c9,enveda-180,1,True,MXWJALNDERSLNA
m_e993ec,s_b24eb0f0,enveda-180,1,True,MZIRRFUMJCQBOC
m_e993ec,s_c4c8bad2,enveda-180,1,True,MZIRRFUMJCQBOC
m_e993ec,s_1d7857a9,enveda-180,1,True,MZIRRFUMJCQBOC
m_e993ec,s_0700658e,enveda-180,1,True,MZIRRFUMJCQBOC
m_f82743,s_ac4bf51a,enveda-180,1,True,NALUOIKAXMCDJB
m_e73d71,s_3142688a,enveda-180,1,True,NBPBROCSGJVYHF
m_e73d71,s_b2af1f17,enveda-180,1,True,NBPBROCSGJVYHF
m_e73d71,s_401e8525,enveda-180,1,True,NBPBROCSGJVYHF
m_65a7ff,s_709a50da,enveda-180,1,True,NBXMYJMBYRXPHV
m_65a7ff,s_d154ed52,enveda-180,1,True,NBXMYJMBYRXPHV
m_65a7ff,s_b4ee1964,enveda-180,1,True,NBXMYJMBYRXPHV
m_70464b,s_a7c20d8d,enveda-180,1,True,NCJFYKPBYXUQHV
m_70464b,s_ff2c3c00,enveda-180,1,True,NCJFYKPBYXUQHV
m_70464b,s_190df68f,enveda-180,1,True,NCJFYKPBYXUQHV
m_70464b,s_8b6ffc41,enveda-180,1,True,NCJFYKPBYXUQHV
m_bbb21f,s_7cbb38ee,enveda-180,1,True,NDJIRKJLQTUELX
m_bbb21f,s_95154af7,enveda-180,1,True,NDJIRKJLQTUELX
m_bbb21f,s_02e6152c,enveda-180,1,True,NDJIRKJLQTUELX
m_bbb21f,s_a264e129,enveda-180,1,True,NDJIRKJLQTUELX
m_edd5cd,s_b7c7deef,enveda-180,1,True,NGBHXEOUTZBQJL
m_edd5cd,s_6b35799a,enveda-180,1,True,NGBHXEOUTZBQJL
m_edd5cd,s_e75f2230,enveda-180,1,True,NGBHXEOUTZBQJL
m_edd5cd,s_d135c6bd,enveda-180,1,True,NGBHXEOUTZBQJL
m_f1a045,s_d464bbd4,enveda-180,1,True,NGTWHKADVCZGSL
m_e73d71,s_53b98208,enveda-180,1,True,NBPBROCSGJVYHF
m_bbb21f,s_9ff9a474,enveda-180,1,True,NDJIRKJLQTUELX
m_471696,s_b59e2f69,enveda-180,1,True,MCBBXOXOEOXOAG
m_9dc5c4,s_721c7c99,enveda-180,1,True,MEIBYSJFQABPQZ
m_9dc5c4,s_19e8a88f,enveda-180,1,True,MEIBYSJFQABPQZ
m_ff4ed5,s_2cebbe58,enveda-180,1,True,MUKUMIOFQZKRNJ
m_a5bb0e,s_717e12f9,enveda-180,1,True,MWERKIHWYRBZOQ
m_a5bb0e,s_0fadc1fe,enveda-180,1,True,MWERKIHWYRBZOQ
m_2b7513,s_8775e438,enveda-180,1,True,MXWJALNDERSLNA
m_2b7513,s_68f17b5c,enveda-180,1,True,MXWJALNDERSLNA
m_2b7513,s_df1c0d73,enveda-180,1,True,MXWJALNDERSLNA
m_06e13d,s_95485ed0,enveda-180,1,True,NFLJXFFWFSJTEW
m_f1a045,s_bbb67793,enveda-180,1,True,NGTWHKADVCZGSL
m_f1a045,s_73c05d70,enveda-180,1,True,NGTWHKADVCZGSL
m_f1a045,s_e1a33851,enveda-180,1,True,NGTWHKADVCZGSL
m_f1a045,s_9d210faf,enveda-180,1,True,NGTWHKADVCZGSL
m_36d3ce,s_6f17fff6,enveda-180,1,True,NIUHACOLMDCGHP
m_36d3ce,s_33a4f4cd,enveda-180,1,True,NIUHACOLMDCGHP
m_36d3ce,s_7bb49389,enveda-180,1,True,NIUHACOLMDCGHP
m_36d3ce,s_2e1f727f,enveda-180,1,True,NIUHACOLMDCGHP
m_610a9f,s_cb77e3bc,enveda-180,1,True,NNIVDAPJLHNJSI
m_610a9f,s_dc67a29c,enveda-180,1,True,NNIVDAPJLHNJSI
m_610a9f,s_061ed797,enveda-180,1,True,NNIVDAPJLHNJSI
m_610a9f,s_70f66f3c,enveda-180,1,True,NNIVDAPJLHNJSI
m_23ff71,s_f029f6ed,enveda-180,1,True,NOGIJLWDAYTJIF
m_23ff71,s_372e9bc6,enveda-180,1,True,NOGIJLWDAYTJIF
m_06f339,s_364d5ded,enveda-180,1,True,NPKKGASYZQQADM
m_06f339,s_4c5e79a5,enveda-180,1,True,NPKKGASYZQQADM
m_06f339,s_6f3866ce,enveda-180,1,True,NPKKGASYZQQADM
m_f8d39e,s_806bf40a,enveda-180,1,True,NPOGLMXQSZTXFY
m_c2313f,s_ffa57e7d,enveda-180,1,True,NROCNRHIWBUYDO
m_c2313f,s_fe75e58b,enveda-180,1,True,NROCNRHIWBUYDO
m_c2313f,s_b3cb04a9,enveda-180,1,True,NROCNRHIWBUYDO
m_9b41d0,s_9920feda,enveda-180,1,True,NTGWDMDFFCJBLU
m_9b41d0,s_f858f1d8,enveda-180,1,True,NTGWDMDFFCJBLU
m_9b41d0,s_297a9265,enveda-180,1,True,NTGWDMDFFCJBLU
m_9b41d0,s_7ee690df,enveda-180,1,True,NTGWDMDFFCJBLU
m_0cc9ea,s_6955a99e,enveda-180,1,True,NVOGYTSHDZEBLT
m_6d9287,s_6943ed14,enveda-180,1,True,NWXPUPDSKKELDM
m_6d9287,s_d9f25fc8,enveda-180,1,True,NWXPUPDSKKELDM
m_6d9287,s_c6cba28a,enveda-180,1,True,NWXPUPDSKKELDM
m_875d74,s_40b3c8b3,enveda-180,1,True,NXBAKCFIFSRBAE
m_875d74,s_da839a8b,enveda-180,1,True,NXBAKCFIFSRBAE
m_97cca9,s_eed5f737,enveda-180,1,True,NXCDRJWCXZJLOC
m_97cca9,s_46eafa7b,enveda-180,1,True,NXCDRJWCXZJLOC
m_97cca9,s_f543456c,enveda-180,1,True,NXCDRJWCXZJLOC
m_2aa8ea,s_254bebb1,enveda-180,1,True,NXECUWGFKPVBDI
m_2aa8ea,s_51fd26ba,enveda-180,1,True,NXECUWGFKPVBDI
m_2aa8ea,s_2559703c,enveda-180,1,True,NXECUWGFKPVBDI
m_79cf07,s_b35cf56d,enveda-180,1,True,OAFNEDKZVQRBLS
m_444a56,s_13b96833,enveda-180,1,True,OAZSADCMCUIEOD
m_bcd97d,s_5de90e63,enveda-180,1,True,OCNZMBMATIKPFB
m_bcd97d,s_0f514405,enveda-180,1,True,OCNZMBMATIKPFB
m_bcd97d,s_d8edb8a4,enveda-180,1,True,OCNZMBMATIKPFB
m_5c710b,s_4f0d6417,enveda-180,1,True,OFCDKCDYVKOGPU
m_5c710b,s_b1fcbacd,enveda-180,1,True,OFCDKCDYVKOGPU
m_5c710b,s_fc627379,enveda-180,1,True,OFCDKCDYVKOGPU
m_a87b11,s_d60c321e,enveda-180,1,True,OHIHUMARHYMISU
m_043e86,s_4e727aed,enveda-180,1,True,OHZNNJCQQCRJQB
m_043e86,s_4190ca76,enveda-180,1,True,OHZNNJCQQCRJQB
m_043e86,s_2a41de54,enveda-180,1,True,OHZNNJCQQCRJQB
m_2a0e17,s_99a76412,enveda-180,1,True,OIYYHAMBBMCWHY
m_2a0e17,s_97b58db7,enveda-180,1,True,OIYYHAMBBMCWHY
m_2a0e17,s_4868a27d,enveda-180,1,True,OIYYHAMBBMCWHY
m_2a0e17,s_0ed73a2c,enveda-180,1,True,OIYYHAMBBMCWHY
m_48bfe1,s_9b3f4457,enveda-180,1,True,ONHAUORLKZSXDZ
m_48bfe1,s_ef7d6a3e,enveda-180,1,True,ONHAUORLKZSXDZ
m_48bfe1,s_dbaae5c9,enveda-180,1,True,ONHAUORLKZSXDZ
m_dbd5d0,s_19dbc411,enveda-180,1,True,ONXRNIOYANOCJT
m_dbd5d0,s_6df804a5,enveda-180,1,True,ONXRNIOYANOCJT
m_dbd5d0,s_c6a70d6a,enveda-180,1,True,ONXRNIOYANOCJT
m_e6b2c8,s_8d6d7ced,enveda-180,1,True,OOJAIDTWHWFGKT
m_e6b2c8,s_f26dfd3c,enveda-180,1,True,OOJAIDTWHWFGKT
m_e6b2c8,s_baa084c1,enveda-180,1,True,OOJAIDTWHWFGKT
m_e6b2c8,s_acf7d652,enveda-180,1,True,OOJAIDTWHWFGKT
m_f8d39e,s_484ff0df,enveda-180,1,True,NPOGLMXQSZTXFY
m_875d74,s_bfbc31b1,enveda-180,1,True,NXBAKCFIFSRBAE
m_875d74,s_21b7ef99,enveda-180,1,True,NXBAKCFIFSRBAE
m_97cca9,s_65eb8485,enveda-180,1,True,NXCDRJWCXZJLOC
m_97cca9,s_c0b7a7d8,enveda-180,1,True,NXCDRJWCXZJLOC
m_97cca9,s_33191fe2,enveda-180,1,True,NXCDRJWCXZJLOC
m_97cca9,s_c5be9fc4,enveda-180,1,True,NXCDRJWCXZJLOC
m_2aa8ea,s_a9148ba1,enveda-180,1,True,NXECUWGFKPVBDI
m_2aa8ea,s_dd7dc7b7,enveda-180,1,True,NXECUWGFKPVBDI
m_5c710b,s_1aaeff87,enveda-180,1,True,OFCDKCDYVKOGPU
m_5c710b,s_1607d366,enveda-180,1,True,OFCDKCDYVKOGPU
m_5c710b,s_14bb058a,enveda-180,1,True,OFCDKCDYVKOGPU
m_dbd5d0,s_83fddc65,enveda-180,1,True,ONXRNIOYANOCJT
m_dbd5d0,s_64f51676,enveda-180,1,True,ONXRNIOYANOCJT
m_293ec0,s_52b8671d,enveda-180,1,True,ORXYXQARIKDAHB
m_b70863,s_321ddf24,enveda-180,1,True,POLTTWOXWVBVHL
m_b70863,s_4c9a81f7,enveda-180,1,True,POLTTWOXWVBVHL
m_293ec0,s_6ee2596c,enveda-180,1,True,ORXYXQARIKDAHB
m_293ec0,s_6c474c19,enveda-180,1,True,ORXYXQARIKDAHB
m_7b993b,s_f56dd481,enveda-180,1,True,OSSCREKCXMXFLR
m_7b993b,s_6acfe4df,enveda-180,1,True,OSSCREKCXMXFLR
m_7b993b,s_a75d29be,enveda-180,1,True,OSSCREKCXMXFLR
m_7b993b,s_18aa2a57,enveda-180,1,True,OSSCREKCXMXFLR
m_4690d3,s_fbaf050a,enveda-180,1,True,OTZFMJZBWSPCMP
m_4690d3,s_3a71b822,enveda-180,1,True,OTZFMJZBWSPCMP
m_370436,s_291aa7b1,enveda-180,1,True,OVAJAQRYNSVBEQ
m_370436,s_5ad7e47b,enveda-180,1,True,OVAJAQRYNSVBEQ
m_370436,s_a05ad0ee,enveda-180,1,True,OVAJAQRYNSVBEQ
m_08d7f1,s_5cf081e4,enveda-180,1,True,OWNASAOHEQMOPN
m_08d7f1,s_7ae98e22,enveda-180,1,True,OWNASAOHEQMOPN
m_741f2c,s_48c6adf3,enveda-180,1,True,OXTXLZOHBPTDMJ
m_741f2c,s_95047c0b,enveda-180,1,True,OXTXLZOHBPTDMJ
m_741f2c,s_4da2be94,enveda-180,1,True,OXTXLZOHBPTDMJ
m_741f2c,s_23542195,enveda-180,1,True,OXTXLZOHBPTDMJ
m_d90c36,s_ec9d8800,enveda-180,1,True,OXXWMAMYQIFDGM
m_d90c36,s_d9b6033a,enveda-180,1,True,OXXWMAMYQIFDGM
m_18f297,s_ea1cf92c,enveda-180,1,True,PDXRZNKPUCNTSO
m_c933b7,s_16390e60,enveda-180,1,True,PESSRNITJLZHAN
m_c933b7,s_5365208d,enveda-180,1,True,PESSRNITJLZHAN
m_c933b7,s_fbfe9c1b,enveda-180,1,True,PESSRNITJLZHAN
m_c9c302,s_7f74b0c7,enveda-180,1,True,PIVPHBVKQGQQFB
m_c9c302,s_06bf2875,enveda-180,1,True,PIVPHBVKQGQQFB
m_b70863,s_3e31c55e,enveda-180,1,True,POLTTWOXWVBVHL
m_b70863,s_35469690,enveda-180,1,True,POLTTWOXWVBVHL
m_982aac,s_cce86eff,enveda-180,1,True,PPIWHECFYWELGA
m_982aac,s_cc3201ac,enveda-180,1,True,PPIWHECFYWELGA
m_982aac,s_cd5c6c63,enveda-180,1,True,PPIWHECFYWELGA
m_1a8b29,s_a6993ccd,enveda-180,1,True,PQKIYWBKLSGFTP
m_1a8b29,s_6c257a47,enveda-180,1,True,PQKIYWBKLSGFTP
m_1a8b29,s_2d578a4e,enveda-180,1,True,PQKIYWBKLSGFTP
m_478c2e,s_cca7ea4d,enveda-180,1,True,PQVLKUMITXECKC
m_478c2e,s_f4ff32d3,enveda-180,1,True,PQVLKUMITXECKC
m_ec755b,s_39781738,enveda-180,1,True,PSUIDIGYORDZPR
m_ec755b,s_57816947,enveda-180,1,True,PSUIDIGYORDZPR
m_ec755b,s_c28f4ffc,enveda-180,1,True,PSUIDIGYORDZPR
m_1813a1,s_869f01a0,enveda-180,1,True,PTCDHMUWJOYBMN
m_1813a1,s_c57230fa,enveda-180,1,True,PTCDHMUWJOYBMN
m_1813a1,s_190c32c8,enveda-180,1,True,PTCDHMUWJOYBMN
m_89a6f2,s_1df35f76,enveda-180,1,True,PTSQHNQHNURMBN
m_89a6f2,s_942ed4fe,enveda-180,1,True,PTSQHNQHNURMBN
m_6d3dc0,s_a3bc0e80,enveda-180,1,True,PTURZGKOBJTKQJ
m_6d3dc0,s_c35ca704,enveda-180,1,True,PTURZGKOBJTKQJ
m_6d3dc0,s_db59a536,enveda-180,1,True,PTURZGKOBJTKQJ
m_ded5eb,s_6ac2476e,enveda-180,1,True,PTYXNEFYPCMCOL
m_ded5eb,s_64689e9e,enveda-180,1,True,PTYXNEFYPCMCOL
m_ded5eb,s_8f2f8ffc,enveda-180,1,True,PTYXNEFYPCMCOL
m_ded5eb,s_8eee849c,enveda-180,1,True,PTYXNEFYPCMCOL
m_436c77,s_85d62d71,enveda-180,1,True,PUFPSDLOUTXUKT
m_436c77,s_8f3fce3d,enveda-180,1,True,PUFPSDLOUTXUKT
m_8b6b8e,s_6ec769a6,enveda-180,1,True,PUXPJVBJQJCLRF
m_8b6b8e,s_28674997,enveda-180,1,True,PUXPJVBJQJCLRF
m_8b6b8e,s_72cde1e9,enveda-180,1,True,PUXPJVBJQJCLRF
m_8b6b8e,s_b936796e,enveda-180,1,True,PUXPJVBJQJCLRF
m_13152b,s_0e080c6c,enveda-180,1,True,PYTMWCMDHQMIPU
m_13152b,s_3bf6ad21,enveda-180,1,True,PYTMWCMDHQMIPU
m_b084eb,s_2cc4f321,enveda-180,1,True,QACLUVOROUXUPC
m_b084eb,s_8a144ea9,enveda-180,1,True,QACLUVOROUXUPC
m_b084eb,s_d682c630,enveda-180,1,True,QACLUVOROUXUPC
m_08d7f1,s_3aae67a7,enveda-180,1,True,OWNASAOHEQMOPN
m_ebcb8a,s_34bf8e16,enveda-180,1,True,PEHFAGWBLQQECC
m_ebcb8a,s_c943e820,enveda-180,1,True,PEHFAGWBLQQECC
m_ebcb8a,s_e62077b4,enveda-180,1,True,PEHFAGWBLQQECC
m_ebcb8a,s_54e5b933,enveda-180,1,True,PEHFAGWBLQQECC
m_ec755b,s_451bfd96,enveda-180,1,True,PSUIDIGYORDZPR
m_ec755b,s_fb862db0,enveda-180,1,True,PSUIDIGYORDZPR
m_89a6f2,s_e59eb576,enveda-180,1,True,PTSQHNQHNURMBN
m_13152b,s_83eda1ae,enveda-180,1,True,PYTMWCMDHQMIPU
m_f8ef30,s_65e0787b,enveda-180,1,True,QCKHKMLDQMBQEW
m_f8ef30,s_67fef065,enveda-180,1,True,QCKHKMLDQMBQEW
m_dc5eb2,s_e5101158,enveda-180,1,True,QCPADXJNDOSOOJ
m_dc5eb2,s_4808e14d,enveda-180,1,True,QCPADXJNDOSOOJ
m_dc5eb2,s_95b59d5c,enveda-180,1,True,QCPADXJNDOSOOJ
m_dc5eb2,s_cf7297de,enveda-180,1,True,QCPADXJNDOSOOJ
m_005e53,s_6e514292,enveda-180,1,True,QCTQNXJUUXYSRK
m_005e53,s_4d19d522,enveda-180,1,True,QCTQNXJUUXYSRK
m_005e53,s_5b6e28ff,enveda-180,1,True,QCTQNXJUUXYSRK
m_9068e1,s_b2aba008,enveda-180,1,True,QJGBFWLAJRZELC
m_9068e1,s_15b80b59,enveda-180,1,True,QJGBFWLAJRZELC
m_9068e1,s_0ec74112,enveda-180,1,True,QJGBFWLAJRZELC
m_9068e1,s_4ed334eb,enveda-180,1,True,QJGBFWLAJRZELC
m_cc35ab,s_d8573eb7,enveda-180,1,True,QKNXWCUZKQDZKU
m_cc35ab,s_6a439bbc,enveda-180,1,True,QKNXWCUZKQDZKU
m_78c402,s_69950f89,enveda-180,1,True,QQEFSSLAYLORPK
m_78c402,s_43687aa8,enveda-180,1,True,QQEFSSLAYLORPK
m_78c402,s_883159db,enveda-180,1,True,QQEFSSLAYLORPK
m_ace790,s_81261ffb,enveda-180,1,True,QTDFGMHATVLOCC
m_2d1eba,s_42c7ade0,enveda-180,1,True,QUDBWEKPMWAHHF
m_2d1eba,s_71d62234,enveda-180,1,True,QUDBWEKPMWAHHF
m_2d1eba,s_3ee1c0a8,enveda-180,1,True,QUDBWEKPMWAHHF
m_ff7740,s_5d372133,enveda-180,1,True,QWGJYWKJIMUQBB
m_83ac87,s_6e669f65,enveda-180,1,True,QYVLIRAZWSNOSZ
m_83ac87,s_33c4fe82,enveda-180,1,True,QYVLIRAZWSNOSZ
m_83ac87,s_24b66b33,enveda-180,1,True,QYVLIRAZWSNOSZ
m_d1ecad,s_5a9acfa0,enveda-180,1,True,RFSIBABTNQBYMQ
m_9910fd,s_2a075570,enveda-180,1,True,RFWNPYNFOAMRDD
m_9910fd,s_6fd7e709,enveda-180,1,True,RFWNPYNFOAMRDD
m_9910fd,s_113bdcab,enveda-180,1,True,RFWNPYNFOAMRDD
m_9910fd,s_d1d93f68,enveda-180,1,True,RFWNPYNFOAMRDD
m_83fdb3,s_3f966bf2,enveda-180,1,True,RGMVLDCTMIIDBH
m_83fdb3,s_b6c8f830,enveda-180,1,True,RGMVLDCTMIIDBH
m_83fdb3,s_92ac72b8,enveda-180,1,True,RGMVLDCTMIIDBH
m_bbc0aa,s_f10aadd6,enveda-180,1,True,RJDKRMNFHIQZRH
m_bbc0aa,s_d043a019,enveda-180,1,True,RJDKRMNFHIQZRH
m_97693a,s_8c9c6126,enveda-180,1,True,RJSDSFVEOLPICC
m_70ff2a,s_de7e6917,enveda-180,1,True,RKCXWEGJCVRIAF
m_70ff2a,s_9800790c,enveda-180,1,True,RKCXWEGJCVRIAF
m_70ff2a,s_3ed85835,enveda-180,1,True,RKCXWEGJCVRIAF
m_005e53,s_855ae19c,enveda-180,1,True,QCTQNXJUUXYSRK
m_9068e1,s_a48ad9eb,enveda-180,1,True,QJGBFWLAJRZELC
m_9068e1,s_5bfc2689,enveda-180,1,True,QJGBFWLAJRZELC
m_4bc064,s_b8e694e2,enveda-180,1,True,QSWDTLJLUNGVJX
m_4bc064,s_02a113ca,enveda-180,1,True,QSWDTLJLUNGVJX
m_4bc064,s_f572ded1,enveda-180,1,True,QSWDTLJLUNGVJX
m_ace790,s_79f1cab5,enveda-180,1,True,QTDFGMHATVLOCC
m_ace790,s_27bee801,enveda-180,1,True,QTDFGMHATVLOCC
m_ff7740,s_3a7a1ca3,enveda-180,1,True,QWGJYWKJIMUQBB
m_83ac87,s_869d330f,enveda-180,1,True,QYVLIRAZWSNOSZ
m_83ac87,s_366553b8,enveda-180,1,True,QYVLIRAZWSNOSZ
m_83ac87,s_4211172c,enveda-180,1,True,QYVLIRAZWSNOSZ
m_d1ecad,s_6a7ee5fe,enveda-180,1,True,RFSIBABTNQBYMQ
m_d1ecad,s_3b13a60d,enveda-180,1,True,RFSIBABTNQBYMQ
m_97693a,s_a2194fca,enveda-180,1,True,RJSDSFVEOLPICC
m_b51204,s_bd20737e,enveda-180,1,True,SRZJALZPSWQRAQ
m_b51204,s_65d13052,enveda-180,1,True,SRZJALZPSWQRAQ
m_c567df,s_981bcb61,enveda-180,1,True,RLADYERLLRCRIT
m_c567df,s_56c4da41,enveda-180,1,True,RLADYERLLRCRIT
m_c567df,s_f7c83656,enveda-180,1,True,RLADYERLLRCRIT
m_c567df,s_ff17d079,enveda-180,1,True,RLADYERLLRCRIT
m_8114e3,s_bb3b8ad3,enveda-180,1,True,RLCHKYFWKOARMP
m_e58af8,s_77fd4afa,enveda-180,1,True,RLCJWQUBNMIWQI
m_d01f54,s_88f61ee9,enveda-180,1,True,RMZZBEXCHODOHL
m_d01f54,s_707ee901,enveda-180,1,True,RMZZBEXCHODOHL
m_d01f54,s_8cdc163f,enveda-180,1,True,RMZZBEXCHODOHL
m_d01f54,s_4335627d,enveda-180,1,True,RMZZBEXCHODOHL
m_637284,s_1672a754,enveda-180,1,True,RPKCNCWGTTUWKH
m_637284,s_a85abc85,enveda-180,1,True,RPKCNCWGTTUWKH
m_637284,s_0ed1f66e,enveda-180,1,True,RPKCNCWGTTUWKH
m_921c43,s_d29398c8,enveda-180,1,True,RQIDDGQFWCGDHG
m_921c43,s_be69d13d,enveda-180,1,True,RQIDDGQFWCGDHG
m_921c43,s_3ca8c3c4,enveda-180,1,True,RQIDDGQFWCGDHG
m_921c43,s_c953d75b,enveda-180,1,True,RQIDDGQFWCGDHG
m_94a765,s_18c4768b,enveda-180,1,True,RQTRPULYILFXHY
m_94a765,s_7ca0ddaa,enveda-180,1,True,RQTRPULYILFXHY
m_94a765,s_db19e96c,enveda-180,1,True,RQTRPULYILFXHY
m_00b5aa,s_04dffc2a,enveda-180,1,True,RWCPIENWOXGKAV
m_00b5aa,s_3b617d66,enveda-180,1,True,RWCPIENWOXGKAV
m_82f2e2,s_c770c10d,enveda-180,1,True,RXFYPLMRFPPKFR
m_82f2e2,s_06f14a99,enveda-180,1,True,RXFYPLMRFPPKFR
m_82f2e2,s_12f35c33,enveda-180,1,True,RXFYPLMRFPPKFR
m_20c386,s_b020d0d2,enveda-180,1,True,RYEYTMKCFJBWCJ
m_20c386,s_3e481db4,enveda-180,1,True,RYEYTMKCFJBWCJ
m_b11a90,s_3e071db0,enveda-180,1,True,RYFUIIGRGDSVLG
m_b11a90,s_c34bf54e,enveda-180,1,True,RYFUIIGRGDSVLG
m_b11a90,s_cc99965f,enveda-180,1,True,RYFUIIGRGDSVLG
m_c9c422,s_972c887c,enveda-180,1,True,RZYBDXVHLLCTNG
m_c9c422,s_1828ce00,enveda-180,1,True,RZYBDXVHLLCTNG
m_214040,s_9956cca0,enveda-180,1,True,SDCFIGMKJSJLDJ
m_ff32bb,s_261d27d3,enveda-180,1,True,SDIOQLRKADARME
m_ff32bb,s_ed5f04b8,enveda-180,1,True,SDIOQLRKADARME
m_25cfa1,s_3c23398e,enveda-180,1,True,SEDMYKVHJJXYNH
m_25cfa1,s_b09455b0,enveda-180,1,True,SEDMYKVHJJXYNH
m_25cfa1,s_526ececd,enveda-180,1,True,SEDMYKVHJJXYNH
m_25cfa1,s_7b8298dc,enveda-180,1,True,SEDMYKVHJJXYNH
m_074e83,s_89094e83,enveda-180,1,True,SFVVZMAUXBXWRM
m_074e83,s_fb5f0fc0,enveda-180,1,True,SFVVZMAUXBXWRM
m_074e83,s_886cb317,enveda-180,1,True,SFVVZMAUXBXWRM
m_436a8d,s_caea353a,enveda-180,1,True,SGOHHYFRLYEVKV
m_436a8d,s_8c78d37d,enveda-180,1,True,SGOHHYFRLYEVKV
m_436a8d,s_37b89941,enveda-180,1,True,SGOHHYFRLYEVKV
m_0318b5,s_47c68f36,enveda-180,1,True,SHRGIISNSSACRJ
m_0318b5,s_c5ac9408,enveda-180,1,True,SHRGIISNSSACRJ
m_0318b5,s_6b532291,enveda-180,1,True,SHRGIISNSSACRJ
m_44cb82,s_27b1b59c,enveda-180,1,True,SHWWNBZOASTSPU
m_44cb82,s_30916073,enveda-180,1,True,SHWWNBZOASTSPU
m_6007c7,s_301eb85f,enveda-180,1,True,SLSTULFDULZCLY
m_6007c7,s_403bec7c,enveda-180,1,True,SLSTULFDULZCLY
m_f5c42c,s_67dbe648,enveda-180,1,True,SMCQPSASNLBEIZ
m_f5c42c,s_29fb19e7,enveda-180,1,True,SMCQPSASNLBEIZ
m_2b524a,s_bc79f52c,enveda-180,1,True,SNZSFTQBPVOHSU
m_2b524a,s_80dbb052,enveda-180,1,True,SNZSFTQBPVOHSU
m_2b524a,s_6f7ec507,enveda-180,1,True,SNZSFTQBPVOHSU
m_2b524a,s_1fb992e0,enveda-180,1,True,SNZSFTQBPVOHSU
m_050bf1,s_e2047ce7,enveda-180,1,True,SQNDOAMHVMWDGV
m_050bf1,s_8d08ec60,enveda-180,1,True,SQNDOAMHVMWDGV
m_cd50d8,s_732d788e,enveda-180,1,True,SQTOBAQFPZNIOI
m_cd50d8,s_66ff4119,enveda-180,1,True,SQTOBAQFPZNIOI
m_57bec0,s_045fbeca,enveda-180,1,True,SRFXIMWGJRSEBR
m_b51204,s_1ea6d9bf,enveda-180,1,True,SRZJALZPSWQRAQ
m_b51204,s_a4fe531f,enveda-180,1,True,SRZJALZPSWQRAQ
m_b51204,s_b7467d4a,enveda-180,1,True,SRZJALZPSWQRAQ
m_b51204,s_f7a61e68,enveda-180,1,True,SRZJALZPSWQRAQ
m_c567df,s_aa4d3a33,enveda-180,1,True,RLADYERLLRCRIT
m_c567df,s_a51b21c4,enveda-180,1,True,RLADYERLLRCRIT
m_25cfa1,s_1c5111b6,enveda-180,1,True,SEDMYKVHJJXYNH
m_8114e3,s_114e51a0,enveda-180,1,True,RLCHKYFWKOARMP
m_e58af8,s_57c3f5b0,enveda-180,1,True,RLCJWQUBNMIWQI
m_c9c422,s_394feccf,enveda-180,1,True,RZYBDXVHLLCTNG
m_c9c422,s_6576567e,enveda-180,1,True,RZYBDXVHLLCTNG
m_c9c422,s_822d7861,enveda-180,1,True,RZYBDXVHLLCTNG
m_214040,s_64c69f6a,enveda-180,1,True,SDCFIGMKJSJLDJ
m_57bec0,s_e2435a0b,enveda-180,1,True,SRFXIMWGJRSEBR
m_3dc915,s_e6d91698,enveda-180,1,True,SVDORNUSOOYJTQ
m_966da0,s_7b4ac596,enveda-180,1,True,SXGQNYKANAJNKV
m_dd5487,s_ded127cf,enveda-180,1,True,SYVZHVCACLHNFS
m_dd5487,s_d7592464,enveda-180,1,True,SYVZHVCACLHNFS
m_dd5487,s_416f88ba,enveda-180,1,True,SYVZHVCACLHNFS
m_f22bed,s_3b8d41c9,enveda-180,1,True,SZMIVMIJJJRJBE
m_f22bed,s_5e845a76,enveda-180,1,True,SZMIVMIJJJRJBE
m_f22bed,s_cffa1931,enveda-180,1,True,SZMIVMIJJJRJBE
m_1b27e6,s_c16aa8ba,enveda-180,1,True,TWOQIRCNFJBFIN
m_1b27e6,s_41fbc391,enveda-180,1,True,TWOQIRCNFJBFIN
m_b7be8a,s_cf25ddb3,enveda-180,1,True,TXLKQHABRSDILA
m_b7be8a,s_3dba07c1,enveda-180,1,True,TXLKQHABRSDILA
m_b7be8a,s_d575dabb,enveda-180,1,True,TXLKQHABRSDILA
m_b7be8a,s_d2f80f02,enveda-180,1,True,TXLKQHABRSDILA
m_402004,s_a7bef015,enveda-180,1,True,TZDLDJWMNRFRHY
m_402004,s_ae9a3255,enveda-180,1,True,TZDLDJWMNRFRHY
m_402004,s_12e1b816,enveda-180,1,True,TZDLDJWMNRFRHY
m_9e99f7,s_c4b8e630,enveda-180,1,True,UBBNIISYKULUCO
m_eaecd7,s_460d99e3,enveda-180,1,True,UEFYLAZCFHTKKY
m_4b86b5,s_01ac1bf7,enveda-180,1,True,UEYCLTKSAGHBRB
m_4b86b5,s_f8f10adb,enveda-180,1,True,UEYCLTKSAGHBRB
m_4b86b5,s_60edb894,enveda-180,1,True,UEYCLTKSAGHBRB
m_6817b1,s_f51811b0,enveda-180,1,True,UHAVYSTYHZDMRR
m_6817b1,s_3e4ec49e,enveda-180,1,True,UHAVYSTYHZDMRR
m_6817b1,s_4749f0bc,enveda-180,1,True,UHAVYSTYHZDMRR
m_6817b1,s_5c421bff,enveda-180,1,True,UHAVYSTYHZDMRR
m_dbd1b2,s_9d1ed58e,enveda-180,1,True,UIVLPFLUSDIACH
m_dbd1b2,s_6ea0b35c,enveda-180,1,True,UIVLPFLUSDIACH
m_f10ba9,s_ad87109e,enveda-180,1,True,UJDFDXWECWPCMO
m_f10ba9,s_c9bcbe0f,enveda-180,1,True,UJDFDXWECWPCMO
m_f10ba9,s_1bdfff9f,enveda-180,1,True,UJDFDXWECWPCMO
m_f10ba9,s_1d089621,enveda-180,1,True,UJDFDXWECWPCMO
m_3ff7be,s_12113d6a,enveda-180,1,True,UKPDVUGRTWIMCD
m_3ff7be,s_13ae1044,enveda-180,1,True,UKPDVUGRTWIMCD
m_3ff7be,s_eb19783f,enveda-180,1,True,UKPDVUGRTWIMCD
m_0ea8a3,s_ff27c30d,enveda-180,1,True,UKYQHMYNUOYKAO
m_0ea8a3,s_914f4bb2,enveda-180,1,True,UKYQHMYNUOYKAO
m_0ea8a3,s_003e0ded,enveda-180,1,True,UKYQHMYNUOYKAO
m_0ea8a3,s_69c0bceb,enveda-180,1,True,UKYQHMYNUOYKAO
m_3d62dd,s_81cf9399,enveda-180,1,True,UMEMYKOLSGPMHE
m_3d62dd,s_2a47399f,enveda-180,1,True,UMEMYKOLSGPMHE
m_3d62dd,s_4547dea2,enveda-180,1,True,UMEMYKOLSGPMHE
m_3d62dd,s_e9d14ae1,enveda-180,1,True,UMEMYKOLSGPMHE
m_3883ef,s_071c639c,enveda-180,1,True,UMJQIVRHWDJSII
m_3883ef,s_1dc2ff4c,enveda-180,1,True,UMJQIVRHWDJSII
m_56bcbe,s_f43f25f9,enveda-180,1,True,UMONYVZYZHQJHH
m_56bcbe,s_278609f3,enveda-180,1,True,UMONYVZYZHQJHH
m_56bcbe,s_11e29737,enveda-180,1,True,UMONYVZYZHQJHH
m_56bcbe,s_595122d8,enveda-180,1,True,UMONYVZYZHQJHH
m_88a263,s_1c3e0574,enveda-180,1,True,UPMDFGRXQILKNR
m_88a263,s_de3a2766,enveda-180,1,True,UPMDFGRXQILKNR
m_88a263,s_16f4a2f5,enveda-180,1,True,UPMDFGRXQILKNR
m_0f05e7,s_18f38a0d,enveda-180,1,True,UQCFOFBMCUKBFU
m_0f05e7,s_785f52df,enveda-180,1,True,UQCFOFBMCUKBFU
m_0f05e7,s_7662ee58,enveda-180,1,True,UQCFOFBMCUKBFU
m_0f05e7,s_9178cc31,enveda-180,1,True,UQCFOFBMCUKBFU
m_bf6cfe,s_19adaeb3,enveda-180,1,True,UTAZYUZXRDUHPL
m_bf6cfe,s_48052dc8,enveda-180,1,True,UTAZYUZXRDUHPL
m_612431,s_38d91a53,enveda-180,1,True,SXAADKGKVBRHQR
m_dd5487,s_0ebf2ce3,enveda-180,1,True,SYVZHVCACLHNFS
m_ec5045,s_caa0bfd1,enveda-180,1,True,UAUUHURWHZKSNV
m_ec5045,s_00db3cad,enveda-180,1,True,UAUUHURWHZKSNV
m_ec5045,s_028c507f,enveda-180,1,True,UAUUHURWHZKSNV
m_ec5045,s_ecc694c1,enveda-180,1,True,UAUUHURWHZKSNV
m_0f05e7,s_85dd7d67,enveda-180,1,True,UQCFOFBMCUKBFU
m_1b27e6,s_5ff73eb9,enveda-180,1,True,TWOQIRCNFJBFIN
m_1b27e6,s_d53912c9,enveda-180,1,True,TWOQIRCNFJBFIN
m_1b27e6,s_5623f762,enveda-180,1,True,TWOQIRCNFJBFIN
m_9e99f7,s_7e248a85,enveda-180,1,True,UBBNIISYKULUCO
m_9e99f7,s_ab59ef32,enveda-180,1,True,UBBNIISYKULUCO
m_eaecd7,s_cd9ecc09,enveda-180,1,True,UEFYLAZCFHTKKY
m_3a5731,s_e1faf8e6,enveda-180,1,True,UFWKIFBTFUJUAF
m_3a5731,s_413bc8f1,enveda-180,1,True,UFWKIFBTFUJUAF
m_bf6cfe,s_4cdc51b0,enveda-180,1,True,UTAZYUZXRDUHPL
m_bf6cfe,s_69cfa69d,enveda-180,1,True,UTAZYUZXRDUHPL
m_6105c1,s_e3e689c9,enveda-180,1,True,VYMSHSIBNOVLML
m_6105c1,s_9f3063a8,enveda-180,1,True,VYMSHSIBNOVLML
m_0c4e10,s_229677b2,enveda-180,1,True,VCXLLCDZIXRLOV
m_5da1ef,s_6eb00894,enveda-180,1,True,VFQWKXOVQZSJFM
m_5da1ef,s_8f31778e,enveda-180,1,True,VFQWKXOVQZSJFM
m_5da1ef,s_dde70760,enveda-180,1,True,VFQWKXOVQZSJFM
m_5da1ef,s_39ed3293,enveda-180,1,True,VFQWKXOVQZSJFM
m_2efd6f,s_a51fd5a1,enveda-180,1,True,VFSOGMHUYIPYTM
m_2efd6f,s_62b59753,enveda-180,1,True,VFSOGMHUYIPYTM
m_6ebcf9,s_3876e83c,enveda-180,1,True,VJWABXLTTJFBBN
m_6ebcf9,s_b0409732,enveda-180,1,True,VJWABXLTTJFBBN
m_6ebcf9,s_29ca027d,enveda-180,1,True,VJWABXLTTJFBBN
m_6ebcf9,s_a5d309c9,enveda-180,1,True,VJWABXLTTJFBBN
m_acdfec,s_5a946d98,enveda-180,1,True,VMRPLQOONRHGHR
m_feb5c1,s_d44da61c,enveda-180,1,True,VNQHYMRLQAMSHY
m_feb5c1,s_e74bc368,enveda-180,1,True,VNQHYMRLQAMSHY
m_feb5c1,s_fa3992d6,enveda-180,1,True,VNQHYMRLQAMSHY
m_5fef1c,s_0cbc7a8f,enveda-180,1,True,VNROBOSMKORXIB
m_a0edff,s_19aae51b,enveda-180,1,True,VNXHZZTURNKIFQ
m_a0edff,s_d39f7992,enveda-180,1,True,VNXHZZTURNKIFQ
m_a0edff,s_4c0031bd,enveda-180,1,True,VNXHZZTURNKIFQ
m_0af51a,s_94532e58,enveda-180,1,True,VNXQLZAPJYGLMS
m_bd0de9,s_78df642d,enveda-180,1,True,VOHMTVPMQGIZPR
m_bd0de9,s_5980715d,enveda-180,1,True,VOHMTVPMQGIZPR
m_bd0de9,s_fb4c19ed,enveda-180,1,True,VOHMTVPMQGIZPR
m_1b1573,s_7d9ebc43,enveda-180,1,True,VTTQALICSIYLHQ
m_1b1573,s_c792b97c,enveda-180,1,True,VTTQALICSIYLHQ
m_572a36,s_4ed8cfd3,enveda-180,1,True,VURLUJOGTOSHNE
m_572a36,s_8a0b047c,enveda-180,1,True,VURLUJOGTOSHNE
m_e2993b,s_adfb5401,enveda-180,1,True,VVRONZQBYAGRES
m_e2993b,s_30a69cbe,enveda-180,1,True,VVRONZQBYAGRES
m_e2993b,s_c5cc8095,enveda-180,1,True,VVRONZQBYAGRES
m_6105c1,s_73c5f1fa,enveda-180,1,True,VYMSHSIBNOVLML
m_6105c1,s_4cbc8047,enveda-180,1,True,VYMSHSIBNOVLML
m_6105c1,s_067f2eb0,enveda-180,1,True,VYMSHSIBNOVLML
m_6105c1,s_1b4c210e,enveda-180,1,True,VYMSHSIBNOVLML
m_a5509a,s_def6fca8,enveda-180,1,True,VYOJLSIPZNRYTK
m_a5509a,s_35cc1b7f,enveda-180,1,True,VYOJLSIPZNRYTK
m_a5509a,s_3b9a1aee,enveda-180,1,True,VYOJLSIPZNRYTK
m_a5509a,s_53960419,enveda-180,1,True,VYOJLSIPZNRYTK
m_5ae66f,s_6ab3da9b,enveda-180,1,True,VZELTJORSYFTQV
m_5ae66f,s_acdb85f9,enveda-180,1,True,VZELTJORSYFTQV
m_5ae66f,s_c53e6700,enveda-180,1,True,VZELTJORSYFTQV
m_25a38e,s_4f6fdfd8,enveda-180,1,True,VZLAZKYAZXUPGP
m_25a38e,s_a3be060a,enveda-180,1,True,VZLAZKYAZXUPGP
m_25a38e,s_20aa77f0,enveda-180,1,True,VZLAZKYAZXUPGP
m_ab3260,s_3871b482,enveda-180,1,True,WAOWNLJWSVVRRD
m_ab3260,s_ee6f1db4,enveda-180,1,True,WAOWNLJWSVVRRD
m_ab3260,s_7f8748e7,enveda-180,1,True,WAOWNLJWSVVRRD
m_ab3260,s_39db46c7,enveda-180,1,True,WAOWNLJWSVVRRD
m_05b52e,s_bc1d81c4,enveda-180,1,True,WCAATOZMUZCFFR
m_1d7bdd,s_8a564b07,enveda-180,1,True,WCIGBZBGNWGEFL
m_1d7bdd,s_3d18b0f6,enveda-180,1,True,WCIGBZBGNWGEFL
m_1d7bdd,s_20825406,enveda-180,1,True,WCIGBZBGNWGEFL
m_edccdd,s_4822a947,enveda-180,1,True,WDUISTTZLYMHTB
m_edccdd,s_545561d9,enveda-180,1,True,WDUISTTZLYMHTB
m_edccdd,s_e9c8a58c,enveda-180,1,True,WDUISTTZLYMHTB
m_edccdd,s_bf20c3cb,enveda-180,1,True,WDUISTTZLYMHTB
m_a12514,s_887054d6,enveda-180,1,True,WFCGXMIECWSBNM
m_a12514,s_10ae6d47,enveda-180,1,True,WFCGXMIECWSBNM
m_a12514,s_c0d10db2,enveda-180,1,True,WFCGXMIECWSBNM
m_a12514,s_9bb6ea1b,enveda-180,1,True,WFCGXMIECWSBNM
m_a5d8e5,s_ef6e66da,enveda-180,1,True,WFJXVWQDINAPKV
m_ea2f71,s_b3c0a856,enveda-180,1,True,WGMMJIKTEDTXME
m_ea2f71,s_0d8bb2f3,enveda-180,1,True,WGMMJIKTEDTXME
m_ea2f71,s_aef43236,enveda-180,1,True,WGMMJIKTEDTXME
m_ea2f71,s_7fe9f418,enveda-180,1,True,WGMMJIKTEDTXME
m_bcb981,s_aad994ab,enveda-180,1,True,WGZIEQJKDHMJMO
m_bcb981,s_885a962d,enveda-180,1,True,WGZIEQJKDHMJMO
m_bcb981,s_9cda58ce,enveda-180,1,True,WGZIEQJKDHMJMO
m_bcb981,s_860d6ef6,enveda-180,1,True,WGZIEQJKDHMJMO
m_6ebcf9,s_3fd86c55,enveda-180,1,True,VJWABXLTTJFBBN
m_6ebcf9,s_b34041b1,enveda-180,1,True,VJWABXLTTJFBBN
m_e2993b,s_947bcdc1,enveda-180,1,True,VVRONZQBYAGRES
m_feb5c1,s_ca6412fa,enveda-180,1,True,VNQHYMRLQAMSHY
m_feb5c1,s_9b1ba726,enveda-180,1,True,VNQHYMRLQAMSHY
m_572a36,s_06f64f85,enveda-180,1,True,VURLUJOGTOSHNE
m_572a36,s_caa460d3,enveda-180,1,True,VURLUJOGTOSHNE
m_e2993b,s_b51dca1d,enveda-180,1,True,VVRONZQBYAGRES
m_e2993b,s_52a9d762,enveda-180,1,True,VVRONZQBYAGRES
m_05b52e,s_319c52e9,enveda-180,1,True,WCAATOZMUZCFFR
m_e80818,s_6d2a030f,enveda-180,1,True,WOPLJFAYDXHONZ
m_3db789,s_3bab0f53,enveda-180,1,True,WJTGKVMGWXXGPP
m_3db789,s_c6130758,enveda-180,1,True,WJTGKVMGWXXGPP
m_0d463f,s_c1e8b8b4,enveda-180,1,True,WJVHIGLVZZSOCT
m_0d463f,s_3799b20b,enveda-180,1,True,WJVHIGLVZZSOCT
m_0d463f,s_0ff1f5e9,enveda-180,1,True,WJVHIGLVZZSOCT
m_47ae67,s_3fd6705d,enveda-180,1,True,WLWXAPDGSWDMSE
m_91512a,s_02163dbf,enveda-180,1,True,WMCXBUKIVFLVFC
m_91512a,s_8429d999,enveda-180,1,True,WMCXBUKIVFLVFC
m_91512a,s_5a375171,enveda-180,1,True,WMCXBUKIVFLVFC
m_91512a,s_d6feb54d,enveda-180,1,True,WMCXBUKIVFLVFC
m_e80818,s_52c69830,enveda-180,1,True,WOPLJFAYDXHONZ
m_e80818,s_da9f1e7f,enveda-180,1,True,WOPLJFAYDXHONZ
m_f8bf38,s_337571cc,enveda-180,1,True,WPGRORCSWRAMGG
m_f8bf38,s_113d0acc,enveda-180,1,True,WPGRORCSWRAMGG
m_f8bf38,s_586fde49,enveda-180,1,True,WPGRORCSWRAMGG
m_5667e2,s_390c6b83,enveda-180,1,True,WQJKKUCYRHHEMT
m_5667e2,s_25766e16,enveda-180,1,True,WQJKKUCYRHHEMT
m_ab91a8,s_585d3a13,enveda-180,1,True,WRDOCCALIQYITN
m_ab91a8,s_09ba1d6a,enveda-180,1,True,WRDOCCALIQYITN
m_ab91a8,s_a9dc2290,enveda-180,1,True,WRDOCCALIQYITN
m_ab91a8,s_587279e9,enveda-180,1,True,WRDOCCALIQYITN
m_7ee70f,s_18d7aca3,enveda-180,1,True,WSRZLAHCLNMKOE
m_7ee70f,s_df0cf798,enveda-180,1,True,WSRZLAHCLNMKOE
m_7ee70f,s_e7d2ded8,enveda-180,1,True,WSRZLAHCLNMKOE
m_d6c1c0,s_2024ac30,enveda-180,1,True,WVMYQHUOGODKOE
m_d6c1c0,s_e300e93e,enveda-180,1,True,WVMYQHUOGODKOE
m_d6c1c0,s_5b0d948a,enveda-180,1,True,WVMYQHUOGODKOE
m_d6c1c0,s_d822f547,enveda-180,1,True,WVMYQHUOGODKOE
m_e5050e,s_027166a2,enveda-180,1,True,WZPPHHCKOZRFOO
m_e5050e,s_8bc5b9f8,enveda-180,1,True,WZPPHHCKOZRFOO
m_e5050e,s_b3cc65fb,enveda-180,1,True,WZPPHHCKOZRFOO
m_d4c45b,s_a4db1894,enveda-180,1,True,XAEDBTGRTATIPG
m_d4c45b,s_9b14ed09,enveda-180,1,True,XAEDBTGRTATIPG
m_d4c45b,s_1431a33d,enveda-180,1,True,XAEDBTGRTATIPG
m_d4c45b,s_ef5523c4,enveda-180,1,True,XAEDBTGRTATIPG
m_3ba5ce,s_e2f24acd,enveda-180,1,True,XBQXIRUUMVIDPQ
m_3ba5ce,s_8d6d8940,enveda-180,1,True,XBQXIRUUMVIDPQ
m_3ba5ce,s_2d97f7ed,enveda-180,1,True,XBQXIRUUMVIDPQ
m_0d3550,s_da671855,enveda-180,1,True,XCKZLGXMYHDCSI
m_0d3550,s_34a364ca,enveda-180,1,True,XCKZLGXMYHDCSI
m_0d3550,s_62602253,enveda-180,1,True,XCKZLGXMYHDCSI
m_0d3550,s_50716bf2,enveda-180,1,True,XCKZLGXMYHDCSI
m_8d75c7,s_95c84edd,enveda-180,1,True,XELBQXJBXYPYDA
m_f24d72,s_8654751a,enveda-180,1,True,XGGTYXMAURHMQJ
m_145679,s_d3833572,enveda-180,1,True,XHTLRVHKUGTNCU
m_145679,s_7e0f0e6d,enveda-180,1,True,XHTLRVHKUGTNCU
m_145679,s_112ad6b0,enveda-180,1,True,XHTLRVHKUGTNCU
m_273696,s_e743e73a,enveda-180,1,True,XHYSJRMZDTUBFU
m_273696,s_b7aadc3e,enveda-180,1,True,XHYSJRMZDTUBFU
m_b81b9d,s_362fe2b8,enveda-180,1,True,XMJZAPGEHJVAAU
m_bda18e,s_51775cd5,enveda-180,1,True,XMZNECJZCVWFFJ
m_bda18e,s_2bbff51c,enveda-180,1,True,XMZNECJZCVWFFJ
m_bda18e,s_b754b0d2,enveda-180,1,True,XMZNECJZCVWFFJ
m_e138be,s_229fa988,enveda-180,1,True,XNXGJSRKJJBFSV
m_e138be,s_a3bf7bf5,enveda-180,1,True,XNXGJSRKJJBFSV
m_e138be,s_7239330a,enveda-180,1,True,XNXGJSRKJJBFSV
m_f22b14,s_25cbef9a,enveda-180,1,True,XOCFKCNPYIXCOC
m_3db789,s_5c8aa78a,enveda-180,1,True,WJTGKVMGWXXGPP
m_0d463f,s_a337ffc9,enveda-180,1,True,WJVHIGLVZZSOCT
m_aec773,s_26a32ea4,enveda-180,1,True,WOEKVPJWWOVPTR
m_e80818,s_dd1155e1,enveda-180,1,True,WOPLJFAYDXHONZ
m_e80818,s_b88d477f,enveda-180,1,True,WOPLJFAYDXHONZ
m_f8bf38,s_85c00d91,enveda-180,1,True,WPGRORCSWRAMGG
m_f8bf38,s_4dbbc309,enveda-180,1,True,WPGRORCSWRAMGG
m_ab91a8,s_ba15edae,enveda-180,1,True,WRDOCCALIQYITN
m_d6c1c0,s_3adbe0b3,enveda-180,1,True,WVMYQHUOGODKOE
m_3ba5ce,s_a7b6aff3,enveda-180,1,True,XBQXIRUUMVIDPQ
m_f24d72,s_9a9306bf,enveda-180,1,True,XGGTYXMAURHMQJ
m_89b9d2,s_98dd6a22,enveda-180,1,True,XMFDMNSNFJAPFH
m_89b9d2,s_70a40857,enveda-180,1,True,XMFDMNSNFJAPFH
m_3aa487,s_010ad64d,enveda-180,1,True,YFVXOZQXIVJJLN
m_3aa487,s_c0c6baf2,enveda-180,1,True,YFVXOZQXIVJJLN
m_b8415b,s_d64b4581,enveda-180,1,True,YPKRFGSSBQJNBV
m_b8415b,s_416f428f,enveda-180,1,True,YPKRFGSSBQJNBV
m_217b19,s_6394200a,enveda-180,1,True,XUULQHBQICABMD
m_217b19,s_081f9dab,enveda-180,1,True,XUULQHBQICABMD
m_217b19,s_19286486,enveda-180,1,True,XUULQHBQICABMD
m_9fcc62,s_51a0d9f2,enveda-180,1,True,XVDZCUVCLQGTHM
m_9fcc62,s_02afe693,enveda-180,1,True,XVDZCUVCLQGTHM
m_9fcc62,s_3490c8d7,enveda-180,1,True,XVDZCUVCLQGTHM
m_3f8028,s_faecffc9,enveda-180,1,True,XXQOMTWTRBZRQN
m_3f8028,s_60907f51,enveda-180,1,True,XXQOMTWTRBZRQN
m_3f8028,s_29248346,enveda-180,1,True,XXQOMTWTRBZRQN
m_3f8028,s_fde7a4bf,enveda-180,1,True,XXQOMTWTRBZRQN
m_45d613,s_fb829bca,enveda-180,1,True,XYDIBBKYYQVRTA
m_45d613,s_e001a4aa,enveda-180,1,True,XYDIBBKYYQVRTA
m_45d613,s_7849d50d,enveda-180,1,True,XYDIBBKYYQVRTA
m_abbd02,s_aae89640,enveda-180,1,True,XZNSDHAVANRSHH
m_abbd02,s_3e1c5e65,enveda-180,1,True,XZNSDHAVANRSHH
m_abbd02,s_a8d799c5,enveda-180,1,True,XZNSDHAVANRSHH
m_abbd02,s_d0821b3b,enveda-180,1,True,XZNSDHAVANRSHH
m_466863,s_2e12b8b0,enveda-180,1,True,YBDPMHDQYJOWRF
m_95e8da,s_c5ebb9e7,enveda-180,1,True,YDGNZQSAOYJEFG
m_95e8da,s_bc45b946,enveda-180,1,True,YDGNZQSAOYJEFG
m_95e8da,s_54691836,enveda-180,1,True,YDGNZQSAOYJEFG
m_c772b8,s_17e2b719,enveda-180,1,True,YDVJCUOPVIFTAU
m_c886af,s_f5b57c26,enveda-180,1,True,YDWBNVYNVLNQEF
m_1700bc,s_ab232c95,enveda-180,1,True,YEQMZNQFHOZDPF
m_1700bc,s_f4db3226,enveda-180,1,True,YEQMZNQFHOZDPF
m_1700bc,s_2ea545ea,enveda-180,1,True,YEQMZNQFHOZDPF
m_1700bc,s_04b2da37,enveda-180,1,True,YEQMZNQFHOZDPF
m_7d4c58,s_057a0897,enveda-180,1,True,YFONCEQCADAJEG
m_e17598,s_d921493f,enveda-180,1,True,YFTRWIAJTVJRER
m_e17598,s_a12d3e52,enveda-180,1,True,YFTRWIAJTVJRER
m_e17598,s_0305f6f0,enveda-180,1,True,YFTRWIAJTVJRER
m_e17598,s_a3d190f9,enveda-180,1,True,YFTRWIAJTVJRER
m_3aa487,s_3e15f44d,enveda-180,1,True,YFVXOZQXIVJJLN
m_3aa487,s_94fd12fa,enveda-180,1,True,YFVXOZQXIVJJLN
m_8d374f,s_c840b1bc,enveda-180,1,True,YGZAXSCUWJNBQI
m_8d374f,s_1e47931e,enveda-180,1,True,YGZAXSCUWJNBQI
m_bf639c,s_94c0aee1,enveda-180,1,True,YIUSFRMITVPAOT
m_bf639c,s_1c82ae44,enveda-180,1,True,YIUSFRMITVPAOT
m_ced31c,s_1b24094a,enveda-180,1,True,YKQNKTBLMPMQPY
m_02d188,s_a2014fe5,enveda-180,1,True,YNFIWOOHGPIULO
m_02d188,s_c892f488,enveda-180,1,True,YNFIWOOHGPIULO
m_34c00a,s_547eec5c,enveda-180,1,True,YNJFTEREKVHYTM
m_34c00a,s_c471c681,enveda-180,1,True,YNJFTEREKVHYTM
m_895051,s_a7d6af4e,enveda-180,1,True,YOXZAESJZHJENU
m_895051,s_f4b06c92,enveda-180,1,True,YOXZAESJZHJENU
m_b8415b,s_6b577bee,enveda-180,1,True,YPKRFGSSBQJNBV
m_b8415b,s_2bacf115,enveda-180,1,True,YPKRFGSSBQJNBV
m_b8415b,s_2a46ccd2,enveda-180,1,True,YPKRFGSSBQJNBV
m_b8415b,s_9d925254,enveda-180,1,True,YPKRFGSSBQJNBV
m_53dfe2,s_f6dd3e7e,enveda-180,1,True,YPSWGKKVWJKYFL
m_53dfe2,s_05d9e681,enveda-180,1,True,YPSWGKKVWJKYFL
m_53dfe2,s_b9b70de5,enveda-180,1,True,YPSWGKKVWJKYFL
m_53dfe2,s_37db9e41,enveda-180,1,True,YPSWGKKVWJKYFL
m_0a8bf5,s_26248adb,enveda-180,1,True,YPVSUQKROJOREX
m_0a8bf5,s_e2cc34db,enveda-180,1,True,YPVSUQKROJOREX
m_eff2fa,s_5d80a42e,enveda-180,1,True,YTIQLTCTMSQMBU
m_eff2fa,s_2d9c3674,enveda-180,1,True,YTIQLTCTMSQMBU
m_bd907b,s_e50ad944,enveda-180,1,True,YYQBBSDETBPLIP
m_bd907b,s_dc687f51,enveda-180,1,True,YYQBBSDETBPLIP
m_c8934f,s_b9e2d25a,enveda-180,1,True,YZLGYVKRSZQOBL
m_15dab4,s_7e1a6518,enveda-180,1,True,ZCHLWNAFOZCNOT
m_15dab4,s_a5437989,enveda-180,1,True,ZCHLWNAFOZCNOT
m_15dab4,s_8b662c82,enveda-180,1,True,ZCHLWNAFOZCNOT
m_fd693e,s_2a02cb2c,enveda-180,1,True,YXICYHZCKZVFPA
m_9fcc62,s_6d1ebf09,enveda-180,1,True,XVDZCUVCLQGTHM
m_c886af,s_1a836541,enveda-180,1,True,YDWBNVYNVLNQEF
m_c886af,s_8b076d6b,enveda-180,1,True,YDWBNVYNVLNQEF
m_f55e93,s_51fc4eb3,enveda-180,1,True,YFALWUQRXNNCKF
m_f55e93,s_4651b8d5,enveda-180,1,True,YFALWUQRXNNCKF
m_f55e93,s_9c83bc43,enveda-180,1,True,YFALWUQRXNNCKF
m_77b2b0,s_4566488f,enveda-180,1,True,YKEYDRKEBIICNJ
m_77b2b0,s_c01c3f43,enveda-180,1,True,YKEYDRKEBIICNJ
m_9c4788,s_8b282588,enveda-180,1,True,YPEKJNLCFXOAOU
m_9c4788,s_bd1944f2,enveda-180,1,True,YPEKJNLCFXOAOU
m_b8415b,s_3df246e9,enveda-180,1,True,YPKRFGSSBQJNBV
m_b8415b,s_2e405521,enveda-180,1,True,YPKRFGSSBQJNBV
m_773a95,s_2e519436,enveda-180,1,True,YSGWRDFJJPJFGM
m_fb6996,s_c33144f6,enveda-180,1,True,ZDOGVEXDJNZMDW
m_fb6996,s_5914729b,enveda-180,1,True,ZDOGVEXDJNZMDW
m_6f127a,s_384d0f10,enveda-180,1,True,ZDNOOSFNHAGRGE
m_6f127a,s_69b92001,enveda-180,1,True,ZDNOOSFNHAGRGE
m_6f127a,s_c2744949,enveda-180,1,True,ZDNOOSFNHAGRGE
m_6f127a,s_478298db,enveda-180,1,True,ZDNOOSFNHAGRGE
m_fb6996,s_51710939,enveda-180,1,True,ZDOGVEXDJNZMDW
m_fb6996,s_a8aafb8f,enveda-180,1,True,ZDOGVEXDJNZMDW
m_fb6996,s_607f0458,enveda-180,1,True,ZDOGVEXDJNZMDW
m_75dece,s_72fdf2e5,enveda-180,1,True,ZDSYMYMRBUCAQL
m_75dece,s_0d00a1f4,enveda-180,1,True,ZDSYMYMRBUCAQL
m_75dece,s_db96630b,enveda-180,1,True,ZDSYMYMRBUCAQL
m_cc95e9,s_e3ce5872,enveda-180,1,True,ZEKAZWXTWGJJQW
m_cc95e9,s_1239ffcf,enveda-180,1,True,ZEKAZWXTWGJJQW
m_cc95e9,s_0293dca4,enveda-180,1,True,ZEKAZWXTWGJJQW
m_3ae355,s_574f5261,enveda-180,1,True,ZGKNOHCVLHJTAT
m_3ae355,s_43d445f7,enveda-180,1,True,ZGKNOHCVLHJTAT
m_64030c,s_740e40e6,enveda-180,1,True,ZHBRHGBKBYRCCB
m_64030c,s_eac7e2fb,enveda-180,1,True,ZHBRHGBKBYRCCB
m_64030c,s_8c14f4ec,enveda-180,1,True,ZHBRHGBKBYRCCB
m_d3998e,s_f3fcd869,enveda-180,1,True,ZHUJRZLTWWIRAM
m_d3998e,s_bd8450b5,enveda-180,1,True,ZHUJRZLTWWIRAM
m_d3998e,s_4f9c1bbb,enveda-180,1,True,ZHUJRZLTWWIRAM
m_8c72d4,s_ce3960d3,enveda-180,1,True,ZJMFNSHFQVQCOO
m_8c72d4,s_1822a522,enveda-180,1,True,ZJMFNSHFQVQCOO
m_8c72d4,s_fd951314,enveda-180,1,True,ZJMFNSHFQVQCOO
m_8071e1,s_07bbc0d5,enveda-180,1,True,ZMCOKGUCCPLYOC
m_8071e1,s_9905dfef,enveda-180,1,True,ZMCOKGUCCPLYOC
m_8071e1,s_435842d5,enveda-180,1,True,ZMCOKGUCCPLYOC
m_8071e1,s_e6c35faa,enveda-180,1,True,ZMCOKGUCCPLYOC
m_b8a6f4,s_d8967838,enveda-180,1,True,ZNLJCDDGZMATBH
m_b8a6f4,s_39f41c0d,enveda-180,1,True,ZNLJCDDGZMATBH
m_b8a6f4,s_6f232fde,enveda-180,1,True,ZNLJCDDGZMATBH
m_d56a4e,s_2f2bbf9a,enveda-180,1,True,ZOMXSKZSKGEFJG
m_d56a4e,s_00faf4a2,enveda-180,1,True,ZOMXSKZSKGEFJG
m_d56a4e,s_4b95ddd2,enveda-180,1,True,ZOMXSKZSKGEFJG
m_d56a4e,s_686a2a9d,enveda-180,1,True,ZOMXSKZSKGEFJG
m_90baa7,s_e8570e51,enveda-180,1,True,ZPWVBWJSYCGPPX
m_b43690,s_bfe8463c,enveda-180,1,True,ZQYSNVGPCFIKBW
m_b43690,s_19f00e2f,enveda-180,1,True,ZQYSNVGPCFIKBW
m_b43690,s_9dcb6bc6,enveda-180,1,True,ZQYSNVGPCFIKBW
m_fd4556,s_adcf5638,enveda-180,1,True,ZTUPWBDVJVOPSX
m_fd4556,s_187de5bb,enveda-180,1,True,ZTUPWBDVJVOPSX
m_fd4556,s_2c237a9d,enveda-180,1,True,ZTUPWBDVJVOPSX
m_254f59,s_73df0091,enveda-180,1,True,ZVZUUTMMBJJZMV
m_254f59,s_53a67f6f,enveda-180,1,True,ZVZUUTMMBJJZMV
m_1712db,s_10399aba,enveda-180,1,True,ZVZWZVRNNRJNEP
m_1712db,s_026957a7,enveda-180,1,True,ZVZWZVRNNRJNEP
m_fb2bcc,s_46cc497b,enveda-180,1,True,ZXOZBQFASLIOEJ
m_fb2bcc,s_880ac982,enveda-180,1,True,ZXOZBQFASLIOEJ
m_f7002e,s_2dae9a6b,enveda-180,1,True,ZYXPBTMVBFELSB
m_f7002e,s_cdee3533,enveda-180,1,True,ZYXPBTMVBFELSB
m_f7002e,s_b349a5c1,enveda-180,1,True,ZYXPBTMVBFELSB
m_f7302f,s_b7fff020,enveda-180,1,True,ZZBLORAZCVZBTR
m_f7302f,s_b5b51633,enveda-180,1,True,ZZBLORAZCVZBTR
m_f7302f,s_d6600ae9,enveda-180,1,True,ZZBLORAZCVZBTR
m_f7302f,s_8923c923,enveda-180,1,True,ZZBLORAZCVZBTR
m_75dece,s_5ca87560,enveda-180,1,True,ZDSYMYMRBUCAQL
m_75dece,s_eeb94f8f,enveda-180,1,True,ZDSYMYMRBUCAQL
m_d3998e,s_b7e0653b,enveda-180,1,True,ZHUJRZLTWWIRAM
m_b8a6f4,s_a730d43b,enveda-180,1,True,ZNLJCDDGZMATBH
m_b8a6f4,s_dc51c0b0,enveda-180,1,True,ZNLJCDDGZMATBH
m_1712db,s_fbc2c3c4,enveda-180,1,True,ZVZWZVRNNRJNEP
